"","ID","year","daytopart","interactions","sexage"
"1","ID001",2019,-2,13,"FAY"
"2","ID001",2019,1,10,"FAY"
"3","ID001",2019,7,8,"FAY"
"4","ID001",2019,8,1,"FAY"
"5","ID001",2019,9,2,"FAY"
"6","ID001",2019,11,1,"FAY"
"7","ID001",2019,16,2,"FAY"
"8","ID001",2019,17,3,"FAY"
"9","ID001",2019,18,3,"FAY"
"10","ID001",2019,19,2,"FAY"
"11","ID001",2019,26,2,"FAY"
"12","ID001",2019,27,14,"FAY"
"13","ID001",2019,28,1,"FAY"
"14","ID001",2019,29,8,"FAY"
"15","ID001",2019,31,1,"FAY"
"16","ID001",2019,32,5,"FAY"
"17","ID001",2019,34,3,"FAY"
"18","ID001",2019,65,14,"FAY"
"19","ID001",2019,66,20,"FAY"
"20","ID002",2019,-4,5,"FAO"
"21","ID002",2019,-1,1,"FAO"
"22","ID002",2019,7,8,"FAO"
"23","ID002",2019,10,1,"FAO"
"24","ID002",2019,14,1,"FAO"
"25","ID002",2019,20,1,"FAO"
"26","ID002",2019,24,2,"FAO"
"27","ID002",2019,32,2,"FAO"
"28","ID002",2019,64,17,"FAO"
"29","ID002",2019,65,5,"FAO"
"30","ID002",2019,66,6,"FAO"
"31","ID002",2021,-42,5,"FAO"
"32","ID002",2021,-41,3,"FAO"
"33","ID002",2021,-40,3,"FAO"
"34","ID002",2021,-39,6,"FAO"
"35","ID002",2019,66,1,"FAO"
"36","ID002",2021,-35,1,"FAO"
"37","ID002",2021,-34,9,"FAO"
"38","ID002",2021,-30,3,"FAO"
"39","ID002",2021,-29,4,"FAO"
"40","ID002",2021,-28,20,"FAO"
"41","ID002",2021,-27,1,"FAO"
"42","ID002",2021,-22,6,"FAO"
"43","ID002",2020,35,1,"FAO"
"44","ID002",2021,-38,2,"FAO"
"45","ID003",2020,36,3,"FAO"
"46","ID003",2020,27,8,"FAO"
"47","ID003",2020,35,8,"FAO"
"48","ID003",2020,3,1,"FAO"
"49","ID003",2020,29,19,"FAO"
"50","ID003",2020,32,3,"FAO"
"51","ID003",2020,60,57,"FAO"
"52","ID003",2020,23,4,"FAO"
"53","ID003",2020,26,7,"FAO"
"54","ID003",2020,22,2,"FAO"
"55","ID003",2020,21,6,"FAO"
"56","ID004",2020,32,8,"FAO"
"57","ID004",2019,1,1,"FAO"
"58","ID004",2020,31,6,"FAO"
"59","ID004",2019,32,1,"FAO"
"60","ID004",2019,36,1,"FAO"
"61","ID004",2019,22,2,"FAO"
"62","ID004",2019,23,2,"FAO"
"63","ID004",2019,39,1,"FAO"
"64","ID004",2019,41,3,"FAO"
"65","ID004",2020,25,9,"FAO"
"66","ID004",2019,38,1,"FAO"
"67","ID004",2019,37,2,"FAO"
"68","ID004",2019,43,2,"FAO"
"69","ID004",2019,42,1,"FAO"
"70","ID004",2020,26,2,"FAO"
"71","ID005",2019,14,2,"FAO"
"72","ID005",2019,11,2,"FAO"
"73","ID005",2019,25,1,"FAO"
"74","ID005",2019,16,2,"FAO"
"75","ID005",2019,6,3,"FAO"
"76","ID005",2019,18,2,"FAO"
"77","ID005",2019,27,1,"FAO"
"78","ID005",2019,17,2,"FAO"
"79","ID005",2019,42,2,"FAO"
"80","ID005",2019,1,2,"FAO"
"81","ID005",2019,37,1,"FAO"
"82","ID006",2019,2,1,"FAO"
"83","ID006",2019,26,4,"FAO"
"84","ID006",2019,34,1,"FAO"
"85","ID006",2019,42,8,"FAO"
"86","ID006",2019,-4,3,"FAO"
"87","ID006",2019,24,1,"FAO"
"88","ID006",2019,12,1,"FAO"
"89","ID006",2019,19,1,"FAO"
"90","ID006",2019,16,1,"FAO"
"91","ID006",2019,34,3,"FAO"
"92","ID009",2021,-28,1,"FAO"
"93","ID009",2021,-28,15,"FAO"
"94","ID009",2021,-38,8,"FAO"
"95","ID009",2021,-15,3,"FAO"
"96","ID009",2020,31,6,"FAO"
"97","ID009",2021,-22,5,"FAO"
"98","ID009",2021,-39,4,"FAO"
"99","ID009",2021,-20,1,"FAO"
"100","ID009",2020,32,2,"FAO"
"101","ID009",2020,36,7,"FAO"
"102","ID009",2021,-5,1,"FAO"
"103","ID010",2019,1,5,"FAY"
"104","ID010",2019,-1,5,"FAY"
"105","ID010",2019,0,2,"FAY"
"106","ID010",2019,65,4,"FAY"
"107","ID010",2019,-15,3,"FAY"
"108","ID010",2019,2,3,"FAY"
"109","ID010",2019,64,7,"FAY"
"110","ID010",2019,13,2,"FAY"
"111","ID010",2019,66,4,"FAY"
"112","ID010",2019,15,2,"FAY"
"113","ID010",2019,11,5,"FAY"
"114","ID010",2019,65,2,"FAY"
"115","ID010",2019,64,2,"FAY"
"116","ID010",2019,1,5,"FAY"
"117","ID010",2019,32,2,"FAY"
"118","ID012",2020,21,4,"FAO"
"119","ID012",2020,24,9,"FAO"
"120","ID013",2021,21,5,"FAO"
"121","ID013",2019,10,1,"FAO"
"122","ID013",2020,31,1,"FAO"
"123","ID013",2019,1,3,"FAO"
"124","ID013",2019,6,6,"FAO"
"125","ID013",2020,45,1,"FAO"
"126","ID013",2021,-35,3,"FAO"
"127","ID013",2019,0,1,"FAO"
"128","ID013",2021,-40,1,"FAO"
"129","ID013",2021,-39,2,"FAO"
"130","ID013",2021,-13,2,"FAO"
"131","ID013",2021,-42,2,"FAO"
"132","ID013",2021,-31,6,"FAO"
"133","ID013",2019,24,1,"FAO"
"134","ID013",2019,16,1,"FAO"
"135","ID013",2021,4,2,"FAO"
"136","ID013",2020,30,2,"FAO"
"137","ID013",2020,31,1,"FAO"
"138","ID013",2021,-28,1,"FAO"
"139","ID013",2019,18,2,"FAO"
"140","ID013",2020,26,2,"FAO"
"141","ID013",2019,19,4,"FAO"
"142","ID013",2019,11,1,"FAO"
"143","ID013",2019,0,1,"FAO"
"144","ID013",2019,27,3,"FAO"
"145","ID013",2020,27,3,"FAO"
"146","ID013",2019,24,1,"FAO"
"147","ID013",2021,-30,1,"FAO"
"148","ID013",2020,25,3,"FAO"
"149","ID013",2020,19,1,"FAO"
"150","ID013",2020,22,7,"FAO"
"151","ID014",2021,-28,4,"FAO"
"152","ID014",2019,37,2,"FAO"
"153","ID014",2020,25,1,"FAO"
"154","ID014",2020,18,1,"FAO"
"155","ID015",2021,-29,1,"FAY"
"156","ID015",2019,14,1,"FAY"
"157","ID015",2021,-28,1,"FAY"
"158","ID015",2019,15,1,"FAY"
"159","ID015",2019,-1,1,"FAY"
"160","ID015",2019,13,1,"FAY"
"161","ID015",2021,-42,5,"FAY"
"162","ID015",2020,25,9,"FAY"
"163","ID015",2019,20,2,"FAY"
"164","ID015",2019,19,1,"FAY"
"165","ID016",2019,-1,23,"FAY"
"166","ID016",2019,16,1,"FAY"
"167","ID016",2019,-14,3,"FAY"
"168","ID016",2019,6,3,"FAY"
"169","ID016",2019,1,2,"FAY"
"170","ID016",2019,11,5,"FAY"
"171","ID016",2019,2,5,"FAY"
"172","ID016",2019,18,2,"FAY"
"173","ID016",2019,63,1,"FAY"
"174","ID016",2019,1,4,"FAY"
"175","ID016",2019,15,1,"FAY"
"176","ID016",2019,66,11,"FAY"
"177","ID016",2019,30,7,"FAY"
"178","ID017",2019,27,2,"FAY"
"179","ID017",2019,-1,1,"FAY"
"180","ID017",2019,15,1,"FAY"
"181","ID017",2019,25,3,"FAY"
"182","ID017",2019,14,1,"FAY"
"183","ID017",2020,27,4,"FAY"
"184","ID017",2019,21,3,"FAY"
"185","ID017",2019,-2,4,"FAY"
"186","ID017",2019,19,1,"FAY"
"187","ID017",2019,18,1,"FAY"
"188","ID017",2020,29,2,"FAY"
"189","ID017",2019,0,5,"FAY"
"190","ID017",2019,-3,1,"FAY"
"191","ID017",2019,27,3,"FAY"
"192","ID018",2021,-26,1,"FAO"
"193","ID018",2020,31,1,"FAO"
"194","ID018",2021,-28,7,"FAO"
"195","ID018",2021,-34,1,"FAO"
"196","ID018",2020,35,1,"FAO"
"197","ID019",2019,-1,23,"FAO"
"198","ID019",2021,-21,1,"FAO"
"199","ID019",2021,-14,2,"FAO"
"200","ID019",2019,-2,2,"FAO"
"201","ID019",2021,-17,2,"FAO"
"202","ID019",2021,-37,2,"FAO"
"203","ID019",2021,-24,3,"FAO"
"204","ID019",2021,-31,6,"FAO"
"205","ID019",2021,-10,2,"FAO"
"206","ID019",2021,-26,1,"FAO"
"207","ID019",2019,12,1,"FAO"
"208","ID019",2021,-23,1,"FAO"
"209","ID019",2019,25,1,"FAO"
"210","ID019",2021,-31,1,"FAO"
"211","ID019",2019,0,3,"FAO"
"212","ID019",2020,11,1,"FAO"
"213","ID019",2021,-12,3,"FAO"
"214","ID019",2021,-28,1,"FAO"
"215","ID019",2019,-2,10,"FAO"
"216","ID019",2019,19,1,"FAO"
"217","ID019",2021,-35,1,"FAO"
"218","ID019",2021,1,1,"FAO"
"219","ID019",2021,17,3,"FAO"
"220","ID019",2019,24,1,"FAO"
"221","ID019",2021,-6,1,"FAO"
"222","ID020",2021,-41,2,"FAO"
"223","ID020",2021,-10,2,"FAO"
"224","ID020",2021,-9,2,"FAO"
"225","ID020",2021,-11,1,"FAO"
"226","ID020",2021,-26,1,"FAO"
"227","ID020",2021,-28,6,"FAO"
"228","ID020",2021,-22,1,"FAO"
"229","ID020",2021,-37,1,"FAO"
"230","ID020",2020,60,1,"FAO"
"231","ID020",2021,24,1,"FAO"
"232","ID020",2021,-25,4,"FAO"
"233","ID020",2021,15,2,"FAO"
"234","ID020",2021,-40,4,"FAO"
"235","ID020",2021,-6,1,"FAO"
"236","ID020",2021,-34,1,"FAO"
"237","ID020",2021,-35,3,"FAO"
"238","ID020",2021,-36,1,"FAO"
"239","ID020",2021,11,2,"FAO"
"240","ID020",2021,19,2,"FAO"
"241","ID020",2021,14,2,"FAO"
"242","ID020",2021,10,2,"FAO"
"243","ID020",2021,20,2,"FAO"
"244","ID020",2020,64,4,"FAO"
"245","ID020",2020,60,14,"FAO"
"246","ID020",2021,8,2,"FAO"
"247","ID021",2019,11,3,"FAO"
"248","ID021",2019,6,12,"FAO"
"249","ID021",2019,18,1,"FAO"
"250","ID021",2019,10,1,"FAO"
"251","ID021",2019,11,1,"FAO"
"252","ID021",2019,24,3,"FAO"
"253","ID021",2019,6,1,"FAO"
"254","ID022",2019,-3,1,"FAO"
"255","ID024",2021,-30,1,"FAO"
"256","ID026",2019,0,1,"FAY"
"257","ID027",2021,-32,1,"FAO"
"258","ID027",2021,-23,1,"FAO"
"259","ID027",2021,-29,3,"FAO"
"260","ID027",2021,-10,2,"FAO"
"261","ID027",2021,-14,2,"FAO"
"262","ID027",2021,-25,3,"FAO"
"263","ID027",2021,-9,2,"FAO"
"264","ID027",2020,63,17,"FAO"
"265","ID027",2020,26,5,"FAO"
"266","ID027",2021,-34,1,"FAO"
"267","ID027",2020,3,1,"FAO"
"268","ID027",2021,-14,7,"FAO"
"269","ID027",2020,7,1,"FAO"
"270","ID027",2021,5,1,"FAO"
"271","ID027",2021,-6,1,"FAO"
"272","ID027",2020,64,6,"FAO"
"273","ID027",2021,-8,1,"FAO"
"274","ID029",2019,28,1,"FAY"
"275","ID029",2019,27,2,"FAY"
"276","ID029",2019,66,2,"FAY"
"277","ID029",2019,16,2,"FAY"
"278","ID029",2019,10,6,"FAY"
"279","ID029",2019,29,1,"FAY"
"280","ID029",2019,65,4,"FAY"
"281","ID029",2019,18,2,"FAY"
"282","ID029",2019,6,1,"FAY"
"283","ID029",2019,64,6,"FAY"
"284","ID029",2019,11,5,"FAY"
"285","ID029",2019,66,8,"FAY"
"286","ID029",2019,8,1,"FAY"
"287","ID029",2019,29,2,"FAY"
"288","ID029",2019,15,1,"FAY"
"289","ID029",2019,-2,4,"FAY"
"290","ID029",2019,7,4,"FAY"
"291","ID029",2019,64,5,"FAY"
"292","ID029",2019,11,1,"FAY"
"293","ID029",2019,8,3,"FAY"
"294","ID030",2021,-30,1,"FAO"
"295","ID030",2021,-34,1,"FAO"
"296","ID030",2021,-38,10,"FAO"
"297","ID030",2020,31,4,"FAO"
"298","ID030",2021,-28,6,"FAO"
"299","ID030",2020,27,5,"FAO"
"300","ID030",2020,32,3,"FAO"
"301","ID030",2020,26,1,"FAO"
"302","ID030",2020,11,1,"FAO"
"303","ID030",2021,-41,2,"FAO"
"304","ID030",2021,-40,2,"FAO"
"305","ID030",2021,-28,1,"FAO"
"306","ID030",2021,-23,1,"FAO"
"307","ID030",2020,21,4,"FAO"
"308","ID030",2021,-21,2,"FAO"
"309","ID030",2020,24,5,"FAO"
"310","ID030",2020,23,8,"FAO"
"311","ID030",2020,7,1,"FAO"
"312","ID030",2020,18,1,"FAO"
"313","ID030",2021,-22,8,"FAO"
"314","ID030",2020,60,8,"FAO"
"315","ID030",2021,-43,3,"FAO"
"316","ID030",2020,60,8,"FAO"
"317","ID030",2021,-25,1,"FAO"
"318","ID030",2020,36,3,"FAO"
"319","ID030",2021,-27,1,"FAO"
"320","ID031",2019,0,2,"FAY"
"321","ID031",2019,0,1,"FAY"
"322","ID031",2019,-2,4,"FAY"
"323","ID031",2019,16,2,"FAY"
"324","ID031",2019,-5,1,"FAY"
"325","ID031",2019,-3,1,"FAY"
"326","ID032",2019,-4,1,"FAY"
"327","ID032",2020,27,4,"FAY"
"328","ID032",2019,6,2,"FAY"
"329","ID032",2019,8,6,"FAY"
"330","ID032",2019,-2,2,"FAY"
"331","ID032",2019,-1,2,"FAY"
"332","ID032",2020,28,5,"FAY"
"333","ID032",2019,7,1,"FAY"
"334","ID032",2020,23,3,"FAY"
"335","ID032",2020,6,1,"FAY"
"336","ID032",2019,1,1,"FAY"
"337","ID032",2019,-6,1,"FAY"
"338","ID032",2020,30,9,"FAY"
"339","ID032",2020,37,2,"FAY"
"340","ID032",2020,19,26,"FAY"
"341","ID032",2020,22,10,"FAY"
"342","ID032",2020,22,3,"FAY"
"343","ID032",2019,-1,1,"FAY"
"344","ID032",2020,20,2,"FAY"
"345","ID032",2020,60,19,"FAY"
"346","ID032",2020,31,6,"FAY"
"347","ID032",2019,6,2,"FAY"
"348","ID033",2021,-38,5,"FAO"
"349","ID033",2021,-33,2,"FAO"
"350","ID033",2021,-13,1,"FAO"
"351","ID033",2021,-30,1,"FAO"
"352","ID033",2020,20,4,"FAO"
"353","ID033",2020,21,2,"FAO"
"354","ID033",2020,60,29,"FAO"
"355","ID033",2021,-32,2,"FAO"
"356","ID033",2021,-35,1,"FAO"
"357","ID033",2021,-38,4,"FAO"
"358","ID033",2020,32,1,"FAO"
"359","ID033",2021,-41,6,"FAO"
"360","ID033",2020,35,2,"FAO"
"361","ID033",2021,-29,2,"FAO"
"362","ID033",2021,-12,2,"FAO"
"363","ID033",2021,-42,1,"FAO"
"364","ID033",2020,36,1,"FAO"
"365","ID033",2021,-35,1,"FAO"
"366","ID033",2020,26,1,"FAO"
"367","ID033",2021,14,2,"FAO"
"368","ID033",2020,35,1,"FAO"
"369","ID033",2021,2,1,"FAO"
"370","ID033",2021,-40,1,"FAO"
"371","ID033",2020,34,8,"FAO"
"372","ID033",2020,60,18,"FAO"
"373","ID033",2020,32,2,"FAO"
"374","ID033",2021,19,1,"FAO"
"375","ID033",2021,11,3,"FAO"
"376","ID033",2021,-29,2,"FAO"
"377","ID033",2021,-9,1,"FAO"
"378","ID033",2021,21,1,"FAO"
"379","ID033",2020,21,1,"FAO"
"380","ID033",2020,22,4,"FAO"
"381","ID034",2019,2,4,"FAY"
"382","ID034",2019,32,4,"FAY"
"383","ID034",2019,1,11,"FAY"
"384","ID034",2019,31,1,"FAY"
"385","ID034",2019,7,3,"FAY"
"386","ID034",2019,6,4,"FAY"
"387","ID034",2019,30,4,"FAY"
"388","ID034",2019,66,3,"FAY"
"389","ID034",2019,27,2,"FAY"
"390","ID034",2019,33,3,"FAY"
"391","ID034",2019,-1,1,"FAY"
"392","ID034",2019,8,1,"FAY"
"393","ID034",2019,1,7,"FAY"
"394","ID034",2019,66,12,"FAY"
"395","ID034",2019,29,5,"FAY"
"396","ID034",2019,18,1,"FAY"
"397","ID034",2019,7,4,"FAY"
"398","ID034",2019,9,2,"FAY"
"399","ID034",2019,18,1,"FAY"
"400","ID034",2019,65,15,"FAY"
"401","ID034",2019,10,3,"FAY"
"402","ID034",2019,-2,7,"FAY"
"403","ID034",2019,29,2,"FAY"
"404","ID035",2019,26,1,"FAY"
"405","ID035",2019,33,4,"FAY"
"406","ID035",2019,13,1,"FAY"
"407","ID037",2020,25,3,"FAO"
"408","ID037",2020,18,1,"FAO"
"409","ID037",2021,-35,1,"FAO"
"410","ID037",2020,36,1,"FAO"
"411","ID037",2020,22,1,"FAO"
"412","ID037",2021,-41,1,"FAO"
"413","ID037",2020,6,1,"FAO"
"414","ID037",2020,19,5,"FAO"
"415","ID037",2019,9,4,"FAO"
"416","ID037",2021,-28,1,"FAO"
"417","ID037",2021,-38,20,"FAO"
"418","ID037",2020,29,8,"FAO"
"419","ID037",2021,-43,4,"FAO"
"420","ID037",2021,-42,1,"FAO"
"421","ID037",2019,-5,1,"FAO"
"422","ID037",2021,-23,3,"FAO"
"423","ID037",2021,-39,8,"FAO"
"424","ID037",2020,30,2,"FAO"
"425","ID037",2019,6,3,"FAO"
"426","ID037",2020,28,6,"FAO"
"427","ID037",2020,34,2,"FAO"
"428","ID037",2021,-38,2,"FAO"
"429","ID037",2021,-32,1,"FAO"
"430","ID037",2020,29,9,"FAO"
"431","ID037",2021,-30,4,"FAO"
"432","ID037",2021,-28,4,"FAO"
"433","ID037",2020,32,2,"FAO"
"434","ID037",2021,-39,3,"FAO"
"435","ID037",2019,1,3,"FAO"
"436","ID037",2019,7,1,"FAO"
"437","ID037",2019,1,7,"FAO"
"438","ID037",2019,-1,5,"FAO"
"439","ID037",2020,31,2,"FAO"
"440","ID037",2021,-33,1,"FAO"
"441","ID037",2019,-3,1,"FAO"
"442","ID037",2020,31,5,"FAO"
"443","ID037",2019,-2,10,"FAO"
"444","ID037",2019,-6,1,"FAO"
"445","ID037",2019,-13,9,"FAO"
"446","ID038",2021,-8,1,"FAO"
"447","ID038",2021,-18,1,"FAO"
"448","ID038",2020,34,2,"FAO"
"449","ID038",2021,2,1,"FAO"
"450","ID038",2021,-26,1,"FAO"
"451","ID038",2021,-34,3,"FAO"
"452","ID038",2021,-40,6,"FAO"
"453","ID038",2020,36,1,"FAO"
"454","ID038",2020,26,4,"FAO"
"455","ID038",2021,17,2,"FAO"
"456","ID038",2021,-41,14,"FAO"
"457","ID038",2021,-42,4,"FAO"
"458","ID038",2021,-25,1,"FAO"
"459","ID038",2020,31,7,"FAO"
"460","ID038",2021,-28,2,"FAO"
"461","ID038",2021,-29,4,"FAO"
"462","ID038",2021,-34,1,"FAO"
"463","ID038",2021,-32,1,"FAO"
"464","ID038",2021,-41,2,"FAO"
"465","ID038",2021,-33,1,"FAO"
"466","ID038",2021,17,2,"FAO"
"467","ID038",2021,-20,1,"FAO"
"468","ID038",2020,34,3,"FAO"
"469","ID039",2020,24,1,"FAO"
"470","ID039",2020,32,2,"FAO"
"471","ID039",2020,32,2,"FAO"
"472","ID039",2020,65,6,"FAO"
"473","ID039",2020,26,1,"FAO"
"474","ID039",2020,21,1,"FAO"
"475","ID039",2020,27,2,"FAO"
"476","ID039",2020,77,4,"FAO"
"477","ID039",2020,20,5,"FAO"
"478","ID039",2020,22,3,"FAO"
"479","ID040",2019,17,3,"FAO"
"480","ID040",2019,9,7,"FAO"
"481","ID040",2019,25,2,"FAO"
"482","ID040",2019,11,3,"FAO"
"483","ID040",2019,7,1,"FAO"
"484","ID040",2019,30,3,"FAO"
"485","ID040",2019,24,1,"FAO"
"486","ID040",2020,37,3,"FAO"
"487","ID040",2020,32,3,"FAO"
"488","ID040",2019,6,4,"FAO"
"489","ID040",2019,24,2,"FAO"
"490","ID040",2019,1,4,"FAO"
"491","ID040",2019,6,5,"FAO"
"492","ID040",2019,11,5,"FAO"
"493","ID040",2020,32,6,"FAO"
"494","ID040",2020,77,1,"FAO"
"495","ID040",2019,35,1,"FAO"
"496","ID040",2020,45,13,"FAO"
"497","ID040",2019,-2,11,"FAO"
"498","ID040",2020,60,25,"FAO"
"499","ID040",2020,7,2,"FAO"
"500","ID040",2020,27,18,"FAO"
"501","ID040",2020,31,6,"FAO"
"502","ID040",2020,10,1,"FAO"
"503","ID040",2020,20,2,"FAO"
"504","ID040",2020,30,2,"FAO"
"505","ID040",2020,22,2,"FAO"
"506","ID040",2019,31,2,"FAO"
"507","ID040",2019,-2,1,"FAO"
"508","ID040",2020,22,5,"FAO"
"509","ID040",2019,33,1,"FAO"
"510","ID041",2019,32,1,"FAY"
"511","ID041",2019,28,1,"FAY"
"512","ID041",2019,30,6,"FAY"
"513","ID041",2019,18,1,"FAY"
"514","ID041",2019,27,1,"FAY"
"515","ID041",2019,30,4,"FAY"
"516","ID041",2019,-14,3,"FAY"
"517","ID041",2019,17,1,"FAY"
"518","ID041",2019,24,3,"FAY"
"519","ID041",2019,25,1,"FAY"
"520","ID041",2019,8,1,"FAY"
"521","ID041",2019,3,3,"FAY"
"522","ID041",2019,-7,1,"FAY"
"523","ID041",2019,19,1,"FAY"
"524","ID042",2021,-25,1,"FAO"
"525","ID042",2019,39,1,"FAO"
"526","ID042",2019,-2,2,"FAO"
"527","ID042",2019,-4,1,"FAO"
"528","ID042",2019,16,1,"FAO"
"529","ID042",2019,37,2,"FAO"
"530","ID042",2019,40,4,"FAO"
"531","ID042",2019,14,4,"FAO"
"532","ID042",2019,41,1,"FAO"
"533","ID042",2019,35,1,"FAO"
"534","ID042",2021,-34,1,"FAO"
"535","ID042",2019,36,4,"FAO"
"536","ID042",2019,37,3,"FAO"
"537","ID042",2019,42,4,"FAO"
"538","ID042",2019,20,1,"FAO"
"539","ID042",2019,57,3,"FAO"
"540","ID042",2019,18,2,"FAO"
"541","ID044",2021,-32,1,"FAO"
"542","ID044",2021,-41,3,"FAO"
"543","ID044",2019,7,1,"FAO"
"544","ID044",2019,29,1,"FAO"
"545","ID044",2019,19,2,"FAO"
"546","ID044",2019,3,1,"FAO"
"547","ID044",2021,-34,3,"FAO"
"548","ID044",2020,36,1,"FAO"
"549","ID044",2019,18,1,"FAO"
"550","ID044",2019,30,1,"FAO"
"551","ID044",2021,-15,1,"FAO"
"552","ID044",2021,-43,2,"FAO"
"553","ID044",2021,-28,2,"FAO"
"554","ID044",2021,-41,1,"FAO"
"555","ID044",2019,27,3,"FAO"
"556","ID044",2021,10,1,"FAO"
"557","ID044",2020,25,1,"FAO"
"558","ID044",2019,29,1,"FAO"
"559","ID044",2019,32,5,"FAO"
"560","ID044",2019,30,2,"FAO"
"561","ID044",2021,17,1,"FAO"
"562","ID044",2019,17,2,"FAO"
"563","ID044",2021,-32,1,"FAO"
"564","ID044",2019,2,1,"FAO"
"565","ID044",2021,7,1,"FAO"
"566","ID044",2020,26,1,"FAO"
"567","ID044",2019,22,1,"FAO"
"568","ID044",2021,-25,3,"FAO"
"569","ID044",2020,31,1,"FAO"
"570","ID044",2021,-2,1,"FAO"
"571","ID044",2019,8,3,"FAO"
"572","ID044",2020,25,2,"FAO"
"573","ID044",2021,-11,1,"FAO"
"574","ID044",2019,-3,1,"FAO"
"575","ID044",2019,20,2,"FAO"
"576","ID044",2019,18,1,"FAO"
"577","ID044",2020,18,1,"FAO"
"578","ID044",2021,-14,1,"FAO"
"579","ID045",2019,-2,2,"FAO"
"580","ID045",2021,-28,15,"FAO"
"581","ID045",2019,-3,1,"FAO"
"582","ID045",2019,7,4,"FAO"
"583","ID045",2020,22,14,"FAO"
"584","ID045",2021,-41,6,"FAO"
"585","ID045",2020,11,1,"FAO"
"586","ID045",2021,-35,1,"FAO"
"587","ID045",2021,-32,1,"FAO"
"588","ID045",2021,-29,8,"FAO"
"589","ID045",2021,-28,2,"FAO"
"590","ID045",2020,19,5,"FAO"
"591","ID045",2021,-42,3,"FAO"
"592","ID045",2019,0,1,"FAO"
"593","ID045",2019,26,1,"FAO"
"594","ID045",2021,-40,2,"FAO"
"595","ID045",2019,-2,4,"FAO"
"596","ID045",2020,20,1,"FAO"
"597","ID045",2020,24,7,"FAO"
"598","ID045",2021,-31,1,"FAO"
"599","ID045",2021,-29,2,"FAO"
"600","ID045",2020,20,7,"FAO"
"601","ID045",2020,21,2,"FAO"
"602","ID045",2021,-40,1,"FAO"
"603","ID045",2020,32,1,"FAO"
"604","ID045",2021,-31,1,"FAO"
"605","ID045",2020,19,10,"FAO"
"606","ID045",2019,17,2,"FAO"
"607","ID045",2020,27,4,"FAO"
"608","ID045",2021,-30,4,"FAO"
"609","ID045",2020,23,7,"FAO"
"610","ID045",2020,36,1,"FAO"
"611","ID045",2020,30,1,"FAO"
"612","ID045",2021,-42,1,"FAO"
"613","ID046",2021,-43,4,"FAY"
"614","ID046",2019,65,1,"FAY"
"615","ID046",2020,37,2,"FAY"
"616","ID046",2019,66,3,"FAY"
"617","ID046",2019,1,4,"FAY"
"618","ID046",2021,16,6,"FAY"
"619","ID046",2019,10,2,"FAY"
"620","ID046",2019,8,4,"FAY"
"621","ID046",2020,28,5,"FAY"
"622","ID046",2020,37,1,"FAY"
"623","ID046",2019,63,3,"FAY"
"624","ID046",2021,17,1,"FAY"
"625","ID046",2019,-2,8,"FAY"
"626","ID046",2020,24,1,"FAY"
"627","ID046",2021,-29,2,"FAY"
"628","ID046",2021,-17,1,"FAY"
"629","ID046",2020,27,2,"FAY"
"630","ID046",2021,-31,1,"FAY"
"631","ID046",2020,21,1,"FAY"
"632","ID046",2021,-2,1,"FAY"
"633","ID046",2019,2,3,"FAY"
"634","ID046",2019,2,3,"FAY"
"635","ID046",2019,64,1,"FAY"
"636","ID046",2019,64,7,"FAY"
"637","ID046",2020,36,3,"FAY"
"638","ID046",2020,32,1,"FAY"
"639","ID046",2021,-38,13,"FAY"
"640","ID046",2021,-26,1,"FAY"
"641","ID046",2019,25,4,"FAY"
"642","ID046",2019,0,4,"FAY"
"643","ID046",2021,-28,9,"FAY"
"644","ID046",2021,-3,1,"FAY"
"645","ID046",2021,-28,11,"FAY"
"646","ID046",2020,25,3,"FAY"
"647","ID046",2021,14,4,"FAY"
"648","ID046",2021,15,2,"FAY"
"649","ID046",2021,-40,1,"FAY"
"650","ID046",2019,11,2,"FAY"
"651","ID046",2020,31,1,"FAY"
"652","ID046",2020,24,5,"FAY"
"653","ID046",2020,28,5,"FAY"
"654","ID046",2021,9,2,"FAY"
"655","ID046",2021,-13,1,"FAY"
"656","ID046",2021,-42,1,"FAY"
"657","ID046",2020,27,2,"FAY"
"658","ID046",2020,21,4,"FAY"
"659","ID046",2021,-12,1,"FAY"
"660","ID046",2019,66,5,"FAY"
"661","ID046",2020,19,1,"FAY"
"662","ID046",2021,11,1,"FAY"
"663","ID046",2021,-38,4,"FAY"
"664","ID046",2020,18,1,"FAY"
"665","ID046",2021,14,2,"FAY"
"666","ID046",2021,-33,3,"FAY"
"667","ID046",2021,7,7,"FAY"
"668","ID046",2021,1,1,"FAY"
"669","ID046",2021,6,1,"FAY"
"670","ID047",2021,-29,2,"FAO"
"671","ID047",2021,-34,1,"FAO"
"672","ID047",2021,-30,2,"FAO"
"673","ID047",2021,-26,1,"FAO"
"674","ID047",2021,-39,2,"FAO"
"675","ID047",2020,60,2,"FAO"
"676","ID047",2020,35,1,"FAO"
"677","ID047",2021,-40,6,"FAO"
"678","ID047",2020,35,1,"FAO"
"679","ID047",2020,27,12,"FAO"
"680","ID047",2021,-28,1,"FAO"
"681","ID047",2021,-41,1,"FAO"
"682","ID047",2020,36,2,"FAO"
"683","ID047",2020,77,3,"FAO"
"684","ID047",2021,-35,4,"FAO"
"685","ID047",2020,26,2,"FAO"
"686","ID047",2020,18,1,"FAO"
"687","ID047",2021,-26,2,"FAO"
"688","ID047",2021,-13,1,"FAO"
"689","ID047",2021,14,5,"FAO"
"690","ID047",2021,11,1,"FAO"
"691","ID047",2021,12,3,"FAO"
"692","ID047",2021,20,1,"FAO"
"693","ID047",2020,10,1,"FAO"
"694","ID047",2020,28,6,"FAO"
"695","ID047",2021,8,2,"FAO"
"696","ID047",2021,14,1,"FAO"
"697","ID047",2021,21,3,"FAO"
"698","ID047",2021,10,1,"FAO"
"699","ID047",2021,-42,1,"FAO"
"700","ID047",2020,25,2,"FAO"
"701","ID047",2021,-43,4,"FAO"
"702","ID047",2020,60,38,"FAO"
"703","ID048",2020,45,7,"FAO"
"704","ID049",2019,7,2,"FAY"
"705","ID049",2019,9,6,"FAY"
"706","ID049",2019,6,1,"FAY"
"707","ID049",2019,18,2,"FAY"
"708","ID049",2019,7,1,"FAY"
"709","ID049",2019,0,1,"FAY"
"710","ID049",2019,10,2,"FAY"
"711","ID049",2019,16,2,"FAY"
"712","ID049",2019,9,4,"FAY"
"713","ID049",2019,0,1,"FAY"
"714","ID049",2019,-1,2,"FAY"
"715","ID049",2019,35,7,"FAY"
"716","ID049",2019,21,2,"FAY"
"717","ID049",2019,20,1,"FAY"
"718","ID049",2019,30,2,"FAY"
"719","ID049",2019,33,3,"FAY"
"720","ID049",2019,29,1,"FAY"
"721","ID049",2019,22,1,"FAY"
"722","ID049",2019,-2,4,"FAY"
"723","ID049",2019,15,1,"FAY"
"724","ID049",2019,19,2,"FAY"
"725","ID049",2019,27,1,"FAY"
"726","ID049",2019,17,2,"FAY"
"727","ID049",2019,18,3,"FAY"
"728","ID049",2019,27,1,"FAY"
"729","ID049",2019,31,2,"FAY"
"730","ID050",2020,32,1,"FAO"
"731","ID050",2019,-2,4,"FAO"
"732","ID050",2021,-28,3,"FAO"
"733","ID050",2021,-28,1,"FAO"
"734","ID050",2019,-2,6,"FAO"
"735","ID050",2021,-30,1,"FAO"
"736","ID050",2021,-22,2,"FAO"
"737","ID051",2019,35,2,"FAY"
"738","ID051",2019,43,1,"FAY"
"739","ID051",2019,63,3,"FAY"
"740","ID051",2019,17,1,"FAY"
"741","ID051",2019,11,1,"FAY"
"742","ID051",2019,10,1,"FAY"
"743","ID051",2019,29,1,"FAY"
"744","ID051",2019,25,1,"FAY"
"745","ID051",2019,64,3,"FAY"
"746","ID051",2019,18,1,"FAY"
"747","ID051",2019,39,1,"FAY"
"748","ID051",2019,15,2,"FAY"
"749","ID051",2019,35,4,"FAY"
"750","ID051",2019,6,1,"FAY"
"751","ID051",2019,24,3,"FAY"
"752","ID051",2019,16,2,"FAY"
"753","ID051",2019,40,2,"FAY"
"754","ID051",2019,23,2,"FAY"
"755","ID051",2019,18,3,"FAY"
"756","ID054",2019,2,4,"FAY"
"757","ID054",2019,-2,8,"FAY"
"758","ID054",2019,15,1,"FAY"
"759","ID054",2019,-13,9,"FAY"
"760","ID054",2019,0,1,"FAY"
"761","ID054",2019,1,6,"FAY"
"762","ID054",2019,1,2,"FAY"
"763","ID055",2021,-33,1,"FAO"
"764","ID055",2020,60,5,"FAO"
"765","ID055",2020,35,1,"FAO"
"766","ID055",2020,60,6,"FAO"
"767","ID055",2020,65,1,"FAO"
"768","ID055",2021,-34,1,"FAO"
"769","ID056",2019,1,1,"FAO"
"770","ID056",2019,6,2,"FAO"
"771","ID056",2019,27,1,"FAO"
"772","ID056",2019,10,2,"FAO"
"773","ID056",2019,-2,4,"FAO"
"774","ID056",2019,15,2,"FAO"
"775","ID056",2019,8,1,"FAO"
"776","ID056",2019,23,1,"FAO"
"777","ID056",2019,16,1,"FAO"
"778","ID056",2019,16,2,"FAO"
"779","ID056",2019,-3,1,"FAO"
"780","ID057",2019,30,1,"FAO"
"781","ID057",2019,6,1,"FAO"
"782","ID058",2021,-5,1,"FAO"
"783","ID058",2021,-9,1,"FAO"
"784","ID058",2020,27,4,"FAO"
"785","ID058",2021,-34,1,"FAO"
"786","ID058",2021,-33,1,"FAO"
"787","ID058",2021,-35,1,"FAO"
"788","ID060",2019,2,2,"FAY"
"789","ID060",2019,6,1,"FAY"
"790","ID060",2019,-2,4,"FAY"
"791","ID060",2019,8,1,"FAY"
"792","ID060",2019,1,2,"FAY"
"793","ID060",2019,-1,1,"FAY"
"794","ID060",2019,7,2,"FAY"
"795","ID060",2019,6,9,"FAY"
"796","ID061",2019,-14,3,"FAO"
"797","ID062",2019,-3,1,"FAY"
"798","ID062",2019,0,3,"FAY"
"799","ID062",2019,25,4,"FAY"
"800","ID062",2019,64,8,"FAY"
"801","ID062",2019,8,1,"FAY"
"802","ID062",2019,2,2,"FAY"
"803","ID063",2019,21,1,"FAO"
"804","ID063",2019,15,2,"FAO"
"805","ID063",2019,27,2,"FAO"
"806","ID063",2021,-11,1,"FAO"
"807","ID063",2019,37,1,"FAO"
"808","ID063",2021,-2,1,"FAO"
"809","ID063",2019,32,1,"FAO"
"810","ID063",2020,40,13,"FAO"
"811","ID063",2019,33,2,"FAO"
"812","ID063",2019,42,1,"FAO"
"813","ID063",2019,25,1,"FAO"
"814","ID063",2021,-35,2,"FAO"
"815","ID063",2021,-34,1,"FAO"
"816","ID063",2019,22,1,"FAO"
"817","ID063",2019,40,1,"FAO"
"818","ID063",2019,20,1,"FAO"
"819","ID063",2019,43,3,"FAO"
"820","ID063",2021,17,1,"FAO"
"821","ID063",2019,17,2,"FAO"
"822","ID063",2020,50,2,"FAO"
"823","ID063",2019,1,2,"FAO"
"824","ID063",2021,-35,1,"FAO"
"825","ID063",2019,11,1,"FAO"
"826","ID064",2021,-38,1,"FAO"
"827","ID064",2019,11,2,"FAO"
"828","ID064",2021,-34,1,"FAO"
"829","ID064",2019,20,1,"FAO"
"830","ID064",2019,10,1,"FAO"
"831","ID064",2019,25,1,"FAO"
"832","ID064",2021,-39,3,"FAO"
"833","ID064",2020,26,1,"FAO"
"834","ID064",2021,-5,1,"FAO"
"835","ID064",2021,-33,1,"FAO"
"836","ID064",2021,19,1,"FAO"
"837","ID064",2019,14,2,"FAO"
"838","ID064",2021,19,2,"FAO"
"839","ID064",2021,-32,2,"FAO"
"840","ID064",2021,-42,4,"FAO"
"841","ID064",2021,-40,2,"FAO"
"842","ID064",2020,24,1,"FAO"
"843","ID064",2019,9,2,"FAO"
"844","ID064",2019,12,1,"FAO"
"845","ID064",2020,34,4,"FAO"
"846","ID064",2021,-26,1,"FAO"
"847","ID064",2021,-33,1,"FAO"
"848","ID064",2021,-21,1,"FAO"
"849","ID064",2021,6,2,"FAO"
"850","ID064",2021,-13,1,"FAO"
"851","ID064",2021,-25,1,"FAO"
"852","ID064",2021,-43,1,"FAO"
"853","ID064",2021,-6,1,"FAO"
"854","ID064",2020,21,4,"FAO"
"855","ID064",2019,-6,2,"FAO"
"856","ID064",2021,-25,3,"FAO"
"857","ID064",2019,17,1,"FAO"
"858","ID064",2020,35,2,"FAO"
"859","ID064",2019,14,3,"FAO"
"860","ID064",2019,-7,1,"FAO"
"861","ID064",2019,15,1,"FAO"
"862","ID064",2020,20,2,"FAO"
"863","ID064",2019,-14,3,"FAO"
"864","ID066",2019,-15,3,"FAY"
"865","ID066",2019,6,1,"FAY"
"866","ID070",2019,1,2,"FAY"
"867","ID070",2019,8,1,"FAY"
"868","ID070",2019,11,1,"FAY"
"869","ID070",2019,16,2,"FAY"
"870","ID070",2019,7,6,"FAY"
"871","ID070",2019,8,1,"FAY"
"872","ID070",2019,2,3,"FAY"
"873","ID071",2019,41,2,"FAO"
"874","ID071",2019,12,1,"FAO"
"875","ID071",2019,41,1,"FAO"
"876","ID071",2019,7,1,"FAO"
"877","ID071",2019,15,2,"FAO"
"878","ID071",2021,-39,3,"FAO"
"879","ID071",2021,-42,1,"FAO"
"880","ID071",2021,-42,2,"FAO"
"881","ID071",2019,13,1,"FAO"
"882","ID071",2020,23,2,"FAO"
"883","ID071",2019,42,3,"FAO"
"884","ID071",2019,2,1,"FAO"
"885","ID071",2019,40,1,"FAO"
"886","ID071",2019,21,2,"FAO"
"887","ID071",2020,32,2,"FAO"
"888","ID072",2019,-7,1,"FAO"
"889","ID072",2019,22,1,"FAO"
"890","ID072",2019,-5,4,"FAO"
"891","ID072",2019,12,1,"FAO"
"892","ID072",2019,0,5,"FAO"
"893","ID073",2019,24,3,"FAO"
"894","ID073",2019,-7,1,"FAO"
"895","ID073",2019,14,1,"FAO"
"896","ID073",2019,-6,2,"FAO"
"897","ID073",2019,21,1,"FAO"
"898","ID073",2019,13,1,"FAO"
"899","ID073",2019,32,2,"FAO"
"900","ID073",2019,16,1,"FAO"
"901","ID073",2019,16,1,"FAO"
"902","ID073",2019,-2,2,"FAO"
"903","ID073",2019,22,1,"FAO"
"904","ID073",2019,20,1,"FAO"
"905","ID073",2019,15,1,"FAO"
"906","ID073",2019,12,5,"FAO"
"907","ID073",2019,-5,4,"FAO"
"908","ID073",2019,25,1,"FAO"
"909","ID073",2019,26,2,"FAO"
"910","ID073",2019,29,3,"FAO"
"911","ID074",2021,-30,2,"FAO"
"912","ID074",2020,32,6,"FAO"
"913","ID074",2021,-29,1,"FAO"
"914","ID074",2020,31,3,"FAO"
"915","ID074",2021,-35,2,"FAO"
"916","ID074",2021,-37,1,"FAO"
"917","ID074",2021,11,2,"FAO"
"918","ID074",2021,18,2,"FAO"
"919","ID074",2020,31,2,"FAO"
"920","ID074",2021,-28,1,"FAO"
"921","ID074",2020,8,1,"FAO"
"922","ID074",2020,22,7,"FAO"
"923","ID074",2021,1,1,"FAO"
"924","ID074",2021,-38,2,"FAO"
"925","ID074",2020,20,5,"FAO"
"926","ID074",2021,-40,6,"FAO"
"927","ID074",2020,30,14,"FAO"
"928","ID074",2021,10,3,"FAO"
"929","ID074",2020,27,2,"FAO"
"930","ID074",2021,7,2,"FAO"
"931","ID074",2021,-27,1,"FAO"
"932","ID074",2020,23,1,"FAO"
"933","ID074",2020,5,1,"FAO"
"934","ID074",2020,19,4,"FAO"
"935","ID074",2021,-13,2,"FAO"
"936","ID074",2021,-15,2,"FAO"
"937","ID074",2021,-42,3,"FAO"
"938","ID074",2021,-41,3,"FAO"
"939","ID074",2021,-38,2,"FAO"
"940","ID074",2021,15,2,"FAO"
"941","ID074",2021,-26,1,"FAO"
"942","ID074",2021,-23,1,"FAO"
"943","ID074",2021,5,1,"FAO"
"944","ID074",2020,21,2,"FAO"
"945","ID074",2020,22,1,"FAO"
"946","ID074",2021,-43,1,"FAO"
"947","ID074",2021,-22,1,"FAO"
"948","ID074",2021,-43,5,"FAO"
"949","ID074",2020,29,1,"FAO"
"950","ID074",2021,19,1,"FAO"
"951","ID074",2021,7,5,"FAO"
"952","ID074",2020,20,3,"FAO"
"953","ID074",2021,19,2,"FAO"
"954","ID074",2021,-41,3,"FAO"
"955","ID074",2020,19,33,"FAO"
"956","ID074",2020,28,5,"FAO"
"957","ID074",2021,-42,7,"FAO"
"958","ID074",2020,25,6,"FAO"
"959","ID081",2019,40,3,"FAY"
"960","ID081",2019,28,2,"FAY"
"961","ID081",2019,19,5,"FAY"
"962","ID081",2019,26,3,"FAY"
"963","ID081",2019,43,2,"FAY"
"964","ID081",2019,6,5,"FAY"
"965","ID081",2019,15,1,"FAY"
"966","ID081",2019,10,4,"FAY"
"967","ID081",2019,7,4,"FAY"
"968","ID081",2019,38,3,"FAY"
"969","ID081",2019,18,1,"FAY"
"970","ID081",2019,32,1,"FAY"
"971","ID081",2019,34,1,"FAY"
"972","ID081",2019,20,1,"FAY"
"973","ID081",2019,29,3,"FAY"
"974","ID081",2019,27,1,"FAY"
"975","ID082",2019,28,1,"FAO"
"976","ID082",2019,17,2,"FAO"
"977","ID082",2019,13,1,"FAO"
"978","ID082",2019,16,1,"FAO"
"979","ID082",2019,42,1,"FAO"
"980","ID082",2021,-1,1,"FAO"
"981","ID082",2019,11,12,"FAO"
"982","ID082",2019,66,9,"FAO"
"983","ID082",2019,22,1,"FAO"
"984","ID082",2019,26,1,"FAO"
"985","ID082",2021,-18,4,"FAO"
"986","ID082",2021,-2,1,"FAO"
"987","ID082",2019,30,2,"FAO"
"988","ID082",2019,18,1,"FAO"
"989","ID082",2019,20,1,"FAO"
"990","ID082",2021,-15,1,"FAO"
"991","ID082",2019,11,1,"FAO"
"992","ID082",2019,21,1,"FAO"
"993","ID082",2019,25,1,"FAO"
"994","ID082",2019,9,1,"FAO"
"995","ID082",2021,-24,1,"FAO"
"996","ID082",2021,-22,1,"FAO"
"997","ID082",2019,34,1,"FAO"
"998","ID082",2020,64,4,"FAO"
"999","ID082",2021,-24,1,"FAO"
"1000","ID082",2019,9,2,"FAO"
"1001","ID082",2019,42,4,"FAO"
"1002","ID082",2019,21,4,"FAO"
"1003","ID082",2021,-12,1,"FAO"
"1004","ID082",2021,-22,1,"FAO"
"1005","ID083",2019,19,1,"FAO"
"1006","ID083",2019,22,1,"FAO"
"1007","ID083",2019,16,1,"FAO"
"1008","ID083",2019,14,1,"FAO"
"1009","ID083",2019,28,1,"FAO"
"1010","ID083",2019,32,1,"FAO"
"1011","ID084",2019,37,1,"FAY"
"1012","ID084",2019,30,1,"FAY"
"1013","ID084",2019,22,1,"FAY"
"1014","ID084",2019,18,1,"FAY"
"1015","ID084",2019,20,5,"FAY"
"1016","ID084",2019,14,1,"FAY"
"1017","ID084",2019,42,4,"FAY"
"1018","ID084",2019,19,2,"FAY"
"1019","ID084",2019,42,2,"FAY"
"1020","ID084",2019,25,1,"FAY"
"1021","ID084",2019,13,1,"FAY"
"1022","ID084",2019,21,3,"FAY"
"1023","ID084",2019,43,2,"FAY"
"1024","ID085",2019,15,3,"FAO"
"1025","ID085",2019,6,2,"FAO"
"1026","ID085",2019,3,2,"FAO"
"1027","ID085",2019,25,2,"FAO"
"1028","ID085",2021,-29,2,"FAO"
"1029","ID085",2021,-27,1,"FAO"
"1030","ID085",2021,-34,1,"FAO"
"1031","ID086",2019,15,2,"FAO"
"1032","ID086",2019,7,6,"FAO"
"1033","ID086",2019,23,2,"FAO"
"1034","ID086",2019,8,2,"FAO"
"1035","ID086",2019,10,1,"FAO"
"1036","ID086",2019,17,1,"FAO"
"1037","ID086",2019,18,2,"FAO"
"1038","ID086",2021,-29,16,"FAO"
"1039","ID086",2021,-29,4,"FAO"
"1040","ID086",2019,28,1,"FAO"
"1041","ID087",2019,16,1,"FAO"
"1042","ID087",2019,16,1,"FAO"
"1043","ID087",2019,14,2,"FAO"
"1044","ID087",2019,13,1,"FAO"
"1045","ID087",2019,12,2,"FAO"
"1046","ID087",2019,15,5,"FAO"
"1047","ID087",2019,8,6,"FAO"
"1048","ID087",2019,10,2,"FAO"
"1049","ID087",2019,14,1,"FAO"
"1050","ID087",2019,13,1,"FAO"
"1051","ID087",2019,6,2,"FAO"
"1052","ID087",2019,7,1,"FAO"
"1053","ID087",2019,21,1,"FAO"
"1054","ID088",2019,17,1,"FAO"
"1055","ID088",2021,6,4,"FAO"
"1056","ID088",2021,1,3,"FAO"
"1057","ID088",2021,-35,4,"FAO"
"1058","ID088",2021,3,2,"FAO"
"1059","ID088",2019,22,1,"FAO"
"1060","ID088",2019,14,1,"FAO"
"1061","ID088",2019,11,1,"FAO"
"1062","ID088",2021,-35,2,"FAO"
"1063","ID088",2021,-32,1,"FAO"
"1064","ID088",2019,16,1,"FAO"
"1065","ID088",2019,24,1,"FAO"
"1066","ID088",2021,11,2,"FAO"
"1067","ID088",2019,19,1,"FAO"
"1068","ID088",2019,33,1,"FAO"
"1069","ID088",2020,60,3,"FAO"
"1070","ID088",2021,-1,1,"FAO"
"1071","ID088",2019,15,1,"FAO"
"1072","ID088",2021,-9,4,"FAO"
"1073","ID088",2021,8,5,"FAO"
"1074","ID088",2021,9,2,"FAO"
"1075","ID088",2021,-31,1,"FAO"
"1076","ID088",2021,16,5,"FAO"
"1077","ID088",2021,-10,1,"FAO"
"1078","ID088",2021,-13,1,"FAO"
"1079","ID088",2020,60,9,"FAO"
"1080","ID088",2019,11,1,"FAO"
"1081","ID088",2021,-29,2,"FAO"
"1082","ID088",2021,17,1,"FAO"
"1083","ID088",2021,-30,5,"FAO"
"1084","ID088",2021,-15,4,"FAO"
"1085","ID088",2020,13,3,"FAO"
"1086","ID088",2021,-29,1,"FAO"
"1087","ID088",2021,-26,4,"FAO"
"1088","ID088",2021,-17,2,"FAO"
"1089","ID088",2021,16,3,"FAO"
"1090","ID088",2021,20,2,"FAO"
"1091","ID088",2021,-28,2,"FAO"
"1092","ID088",2021,-18,4,"FAO"
"1093","ID089",2019,64,2,"FAY"
"1094","ID089",2019,26,1,"FAY"
"1095","ID089",2019,16,1,"FAY"
"1096","ID089",2019,19,1,"FAY"
"1097","ID089",2019,11,1,"FAY"
"1098","ID092",2020,28,2,"FAO"
"1099","ID092",2019,12,1,"FAO"
"1100","ID092",2019,17,1,"FAO"
"1101","ID092",2021,-12,9,"FAO"
"1102","ID092",2021,-24,1,"FAO"
"1103","ID092",2020,26,6,"FAO"
"1104","ID092",2020,13,2,"FAO"
"1105","ID092",2019,15,1,"FAO"
"1106","ID092",2021,-19,1,"FAO"
"1107","ID092",2020,25,1,"FAO"
"1108","ID092",2021,-31,1,"FAO"
"1109","ID092",2019,6,4,"FAO"
"1110","ID092",2020,13,1,"FAO"
"1111","ID092",2021,-25,1,"FAO"
"1112","ID092",2021,-26,1,"FAO"
"1113","ID092",2021,-1,1,"FAO"
"1114","ID092",2021,17,1,"FAO"
"1115","ID092",2019,22,1,"FAO"
"1116","ID092",2020,31,5,"FAO"
"1117","ID092",2019,40,1,"FAO"
"1118","ID092",2021,-42,5,"FAO"
"1119","ID092",2021,-9,2,"FAO"
"1120","ID092",2021,-17,1,"FAO"
"1121","ID092",2020,3,1,"FAO"
"1122","ID092",2021,-42,3,"FAO"
"1123","ID092",2021,-22,1,"FAO"
"1124","ID093",2021,-28,1,"FAO"
"1125","ID093",2021,-26,1,"FAO"
"1126","ID093",2019,18,1,"FAO"
"1127","ID093",2019,13,1,"FAO"
"1128","ID093",2021,-27,1,"FAO"
"1129","ID093",2021,-29,7,"FAO"
"1130","ID093",2019,26,2,"FAO"
"1131","ID093",2019,24,2,"FAO"
"1132","ID093",2021,-25,1,"FAO"
"1133","ID093",2021,-39,2,"FAO"
"1134","ID093",2021,-39,4,"FAO"
"1135","ID093",2019,16,1,"FAO"
"1136","ID093",2019,20,2,"FAO"
"1137","ID093",2019,12,1,"FAO"
"1138","ID093",2021,-23,1,"FAO"
"1139","ID093",2020,64,8,"FAO"
"1140","ID093",2021,-23,3,"FAO"
"1141","ID093",2021,-42,3,"FAO"
"1142","ID093",2019,25,1,"FAO"
"1143","ID093",2021,-43,3,"FAO"
"1144","ID093",2021,-42,3,"FAO"
"1145","ID093",2021,-40,2,"FAO"
"1146","ID093",2021,-43,2,"FAO"
"1147","ID094",2021,-28,1,"FAY"
"1148","ID094",2021,-33,1,"FAY"
"1149","ID094",2021,-26,3,"FAY"
"1150","ID094",2021,-34,4,"FAY"
"1151","ID094",2019,14,1,"FAY"
"1152","ID094",2020,44,1,"FAY"
"1153","ID094",2019,14,3,"FAY"
"1154","ID094",2021,-34,2,"FAY"
"1155","ID094",2019,17,2,"FAY"
"1156","ID094",2020,45,43,"FAY"
"1157","ID094",2021,-1,1,"FAY"
"1158","ID094",2021,-31,2,"FAY"
"1159","ID094",2019,25,1,"FAY"
"1160","ID094",2021,-31,2,"FAY"
"1161","ID094",2019,29,2,"FAY"
"1162","ID094",2019,19,1,"FAY"
"1163","ID094",2021,-32,1,"FAY"
"1164","ID094",2021,-28,1,"FAY"
"1165","ID094",2019,27,1,"FAY"
"1166","ID094",2021,-6,1,"FAY"
"1167","ID094",2019,25,2,"FAY"
"1168","ID094",2019,23,3,"FAY"
"1169","ID095",2020,40,6,"FAO"
"1170","ID095",2020,29,2,"FAO"
"1171","ID095",2019,7,1,"FAO"
"1172","ID095",2020,26,7,"FAO"
"1173","ID095",2020,25,4,"FAO"
"1174","ID095",2021,9,1,"FAO"
"1175","ID095",2020,21,4,"FAO"
"1176","ID095",2019,35,1,"FAO"
"1177","ID095",2021,-1,2,"FAO"
"1178","ID095",2019,22,1,"FAO"
"1179","ID095",2019,19,1,"FAO"
"1180","ID095",2019,42,2,"FAO"
"1181","ID095",2019,21,2,"FAO"
"1182","ID095",2021,-28,1,"FAO"
"1183","ID095",2020,23,2,"FAO"
"1184","ID095",2019,12,4,"FAO"
"1185","ID095",2019,9,1,"FAO"
"1186","ID095",2019,17,1,"FAO"
"1187","ID095",2019,20,2,"FAO"
"1188","ID095",2019,21,1,"FAO"
"1189","ID096",2019,11,5,"FAO"
"1190","ID096",2019,21,2,"FAO"
"1191","ID096",2019,27,5,"FAO"
"1192","ID096",2019,19,1,"FAO"
"1193","ID096",2019,38,3,"FAO"
"1194","ID096",2019,15,1,"FAO"
"1195","ID097",2019,20,2,"FAO"
"1196","ID097",2019,6,3,"FAO"
"1197","ID097",2019,10,3,"FAO"
"1198","ID098",2019,37,3,"FAO"
"1199","ID098",2019,17,1,"FAO"
"1200","ID098",2020,45,35,"FAO"
"1201","ID098",2019,24,1,"FAO"
"1202","ID098",2019,26,2,"FAO"
"1203","ID098",2019,29,1,"FAO"
"1204","ID098",2019,25,1,"FAO"
"1205","ID098",2020,28,2,"FAO"
"1206","ID098",2019,7,1,"FAO"
"1207","ID098",2019,18,1,"FAO"
"1208","ID098",2019,32,1,"FAO"
"1209","ID098",2019,7,2,"FAO"
"1210","ID098",2019,21,2,"FAO"
"1211","ID098",2019,17,1,"FAO"
"1212","ID098",2019,16,2,"FAO"
"1213","ID098",2020,25,1,"FAO"
"1214","ID098",2020,45,3,"FAO"
"1215","ID099",2019,28,1,"FAY"
"1216","ID099",2019,20,1,"FAY"
"1217","ID099",2019,12,4,"FAY"
"1218","ID099",2019,14,4,"FAY"
"1219","ID099",2019,22,4,"FAY"
"1220","ID099",2019,16,1,"FAY"
"1221","ID099",2019,26,2,"FAY"
"1222","ID099",2019,10,2,"FAY"
"1223","ID099",2019,10,3,"FAY"
"1224","ID099",2019,19,2,"FAY"
"1225","ID099",2019,24,1,"FAY"
"1226","ID099",2019,12,2,"FAY"
"1227","ID099",2019,25,1,"FAY"
"1228","ID100",2019,9,1,"FAO"
"1229","ID100",2019,29,2,"FAO"
"1230","ID100",2020,40,1,"FAO"
"1231","ID100",2019,10,2,"FAO"
"1232","ID100",2019,36,3,"FAO"
"1233","ID100",2020,7,1,"FAO"
"1234","ID100",2019,20,2,"FAO"
"1235","ID100",2021,-27,1,"FAO"
"1236","ID100",2019,17,2,"FAO"
"1237","ID100",2021,-22,1,"FAO"
"1238","ID100",2021,-25,1,"FAO"
"1239","ID100",2020,7,1,"FAO"
"1240","ID100",2021,-26,4,"FAO"
"1241","ID100",2020,40,7,"FAO"
"1242","ID100",2019,19,1,"FAO"
"1243","ID100",2020,25,5,"FAO"
"1244","ID100",2019,14,2,"FAO"
"1245","ID102",2020,35,2,"FAO"
"1246","ID102",2021,-43,1,"FAO"
"1247","ID102",2021,-25,3,"FAO"
"1248","ID102",2019,10,1,"FAO"
"1249","ID102",2021,-22,1,"FAO"
"1250","ID102",2019,19,1,"FAO"
"1251","ID102",2020,25,1,"FAO"
"1252","ID102",2020,31,2,"FAO"
"1253","ID102",2021,-42,3,"FAO"
"1254","ID102",2021,-42,1,"FAO"
"1255","ID102",2021,-29,6,"FAO"
"1256","ID102",2020,27,6,"FAO"
"1257","ID102",2020,68,7,"FAO"
"1258","ID102",2019,21,1,"FAO"
"1259","ID102",2020,31,4,"FAO"
"1260","ID102",2021,-35,1,"FAO"
"1261","ID102",2020,27,1,"FAO"
"1262","ID102",2019,20,1,"FAO"
"1263","ID102",2021,-25,2,"FAO"
"1264","ID102",2021,-26,1,"FAO"
"1265","ID102",2019,15,1,"FAO"
"1266","ID102",2020,26,11,"FAO"
"1267","ID102",2020,24,3,"FAO"
"1268","ID102",2021,-29,2,"FAO"
"1269","ID102",2020,25,1,"FAO"
"1270","ID102",2020,9,1,"FAO"
"1271","ID102",2019,22,1,"FAO"
"1272","ID103",2020,28,1,"FAO"
"1273","ID103",2021,16,1,"FAO"
"1274","ID103",2020,27,4,"FAO"
"1275","ID103",2021,8,1,"FAO"
"1276","ID103",2021,11,2,"FAO"
"1277","ID103",2021,-43,1,"FAO"
"1278","ID103",2021,-28,12,"FAO"
"1279","ID103",2021,-23,1,"FAO"
"1280","ID103",2021,6,3,"FAO"
"1281","ID103",2021,-38,1,"FAO"
"1282","ID103",2020,19,2,"FAO"
"1283","ID103",2021,-40,2,"FAO"
"1284","ID103",2020,64,2,"FAO"
"1285","ID103",2021,-28,7,"FAO"
"1286","ID103",2021,-35,1,"FAO"
"1287","ID103",2021,-31,1,"FAO"
"1288","ID103",2020,64,3,"FAO"
"1289","ID103",2021,-13,1,"FAO"
"1290","ID103",2021,-13,1,"FAO"
"1291","ID103",2021,17,1,"FAO"
"1292","ID103",2020,25,1,"FAO"
"1293","ID103",2020,22,3,"FAO"
"1294","ID103",2020,27,1,"FAO"
"1295","ID103",2020,31,1,"FAO"
"1296","ID103",2020,60,13,"FAO"
"1297","ID103",2021,-38,4,"FAO"
"1298","ID103",2021,-43,3,"FAO"
"1299","ID103",2021,-26,3,"FAO"
"1300","ID103",2020,60,26,"FAO"
"1301","ID103",2020,19,4,"FAO"
"1302","ID103",2021,-15,2,"FAO"
"1303","ID103",2021,-42,1,"FAO"
"1304","ID103",2021,-2,1,"FAO"
"1305","ID103",2021,-39,1,"FAO"
"1306","ID103",2021,-15,4,"FAO"
"1307","ID103",2021,-40,8,"FAO"
"1308","ID103",2021,-22,2,"FAO"
"1309","ID103",2020,65,19,"FAO"
"1310","ID104",2019,19,1,"FAO"
"1311","ID104",2019,14,2,"FAO"
"1312","ID104",2019,20,2,"FAO"
"1313","ID104",2019,13,1,"FAO"
"1314","ID104",2019,9,1,"FAO"
"1315","ID104",2021,17,1,"FAO"
"1316","ID104",2021,6,1,"FAO"
"1317","ID104",2021,8,2,"FAO"
"1318","ID104",2019,26,1,"FAO"
"1319","ID104",2019,9,1,"FAO"
"1320","ID104",2020,26,4,"FAO"
"1321","ID104",2021,20,3,"FAO"
"1322","ID104",2020,24,8,"FAO"
"1323","ID104",2019,8,3,"FAO"
"1324","ID104",2020,21,5,"FAO"
"1325","ID104",2020,22,2,"FAO"
"1326","ID104",2021,10,1,"FAO"
"1327","ID104",2019,21,2,"FAO"
"1328","ID104",2021,15,1,"FAO"
"1329","ID104",2020,8,1,"FAO"
"1330","ID104",2021,12,1,"FAO"
"1331","ID104",2021,11,1,"FAO"
"1332","ID104",2021,11,3,"FAO"
"1333","ID105",2019,24,1,"FAY"
"1334","ID105",2019,16,1,"FAY"
"1335","ID105",2019,29,3,"FAY"
"1336","ID105",2019,27,1,"FAY"
"1337","ID105",2019,29,1,"FAY"
"1338","ID105",2019,15,4,"FAY"
"1339","ID105",2019,18,3,"FAY"
"1340","ID105",2019,35,1,"FAY"
"1341","ID105",2019,24,2,"FAY"
"1342","ID106",2021,-21,1,"FAO"
"1343","ID106",2019,23,1,"FAO"
"1344","ID106",2021,-22,1,"FAO"
"1345","ID106",2019,20,1,"FAO"
"1346","ID106",2021,-22,2,"FAO"
"1347","ID106",2019,13,1,"FAO"
"1348","ID106",2019,6,4,"FAO"
"1349","ID106",2019,26,2,"FAO"
"1350","ID106",2019,29,1,"FAO"
"1351","ID106",2019,21,2,"FAO"
"1352","ID107",2019,10,3,"FAY"
"1353","ID107",2019,7,1,"FAY"
"1354","ID107",2019,13,1,"FAY"
"1355","ID107",2019,9,1,"FAY"
"1356","ID107",2019,19,1,"FAY"
"1357","ID107",2019,15,2,"FAY"
"1358","ID107",2019,25,4,"FAY"
"1359","ID107",2019,24,3,"FAY"
"1360","ID107",2019,32,2,"FAY"
"1361","ID107",2019,42,1,"FAY"
"1362","ID107",2019,12,4,"FAY"
"1363","ID107",2019,27,1,"FAY"
"1364","ID107",2019,18,2,"FAY"
"1365","ID107",2019,23,2,"FAY"
"1366","ID107",2019,42,6,"FAY"
"1367","ID109",2019,10,1,"FAY"
"1368","ID109",2019,20,1,"FAY"
"1369","ID109",2019,15,1,"FAY"
"1370","ID109",2019,7,9,"FAY"
"1371","ID110",2019,26,2,"FAO"
"1372","ID110",2020,65,1,"FAO"
"1373","ID110",2020,63,6,"FAO"
"1374","ID110",2019,11,13,"FAO"
"1375","ID110",2020,45,4,"FAO"
"1376","ID110",2020,68,7,"FAO"
"1377","ID110",2020,25,1,"FAO"
"1378","ID110",2020,27,7,"FAO"
"1379","ID110",2020,63,2,"FAO"
"1380","ID110",2020,22,8,"FAO"
"1381","ID110",2020,19,28,"FAO"
"1382","ID110",2020,19,14,"FAO"
"1383","ID110",2020,45,9,"FAO"
"1384","ID110",2019,27,1,"FAO"
"1385","ID110",2020,26,1,"FAO"
"1386","ID110",2020,22,2,"FAO"
"1387","ID110",2020,23,5,"FAO"
"1388","ID110",2020,20,1,"FAO"
"1389","ID111",2019,37,1,"FAO"
"1390","ID111",2019,32,1,"FAO"
"1391","ID111",2019,42,2,"FAO"
"1392","ID111",2019,35,1,"FAO"
"1393","ID111",2019,36,4,"FAO"
"1394","ID111",2019,32,2,"FAO"
"1395","ID111",2019,41,6,"FAO"
"1396","ID111",2019,17,1,"FAO"
"1397","ID111",2019,15,3,"FAO"
"1398","ID111",2019,14,1,"FAO"
"1399","ID111",2019,18,4,"FAO"
"1400","ID112",2020,26,1,"FAO"
"1401","ID112",2019,10,3,"FAO"
"1402","ID112",2021,-34,1,"FAO"
"1403","ID112",2020,60,7,"FAO"
"1404","ID112",2019,13,1,"FAO"
"1405","ID112",2020,22,1,"FAO"
"1406","ID112",2019,7,1,"FAO"
"1407","ID112",2021,-28,4,"FAO"
"1408","ID112",2021,-40,1,"FAO"
"1409","ID112",2021,-41,7,"FAO"
"1410","ID112",2021,2,1,"FAO"
"1411","ID112",2021,-41,5,"FAO"
"1412","ID112",2021,-42,1,"FAO"
"1413","ID112",2021,-42,1,"FAO"
"1414","ID112",2020,24,1,"FAO"
"1415","ID112",2020,60,10,"FAO"
"1416","ID112",2020,30,2,"FAO"
"1417","ID112",2021,-34,3,"FAO"
"1418","ID113",2021,-23,1,"FAO"
"1419","ID113",2021,-24,1,"FAO"
"1420","ID113",2021,-34,1,"FAO"
"1421","ID113",2021,-35,2,"FAO"
"1422","ID113",2021,-26,1,"FAO"
"1423","ID114",2019,20,2,"FAO"
"1424","ID114",2019,28,5,"FAO"
"1425","ID114",2020,45,4,"FAO"
"1426","ID114",2019,14,4,"FAO"
"1427","ID114",2019,25,2,"FAO"
"1428","ID114",2020,65,1,"FAO"
"1429","ID115",2019,23,2,"FAO"
"1430","ID115",2019,21,7,"FAO"
"1431","ID115",2019,41,1,"FAO"
"1432","ID115",2019,17,2,"FAO"
"1433","ID115",2019,18,1,"FAO"
"1434","ID115",2019,14,3,"FAO"
"1435","ID115",2019,15,8,"FAO"
"1436","ID115",2019,20,1,"FAO"
"1437","ID115",2019,24,1,"FAO"
"1438","ID115",2019,15,2,"FAO"
"1439","ID116",2021,-10,1,"FAO"
"1440","ID116",2021,-11,1,"FAO"
"1441","ID116",2021,22,1,"FAO"
"1442","ID116",2021,3,2,"FAO"
"1443","ID116",2021,16,1,"FAO"
"1444","ID116",2021,-14,1,"FAO"
"1445","ID116",2021,21,2,"FAO"
"1446","ID116",2021,20,1,"FAO"
"1447","ID116",2021,-12,5,"FAO"
"1448","ID116",2021,20,3,"FAO"
"1449","ID116",2021,12,1,"FAO"
"1450","ID116",2021,6,3,"FAO"
"1451","ID116",2021,-26,1,"FAO"
"1452","ID116",2020,34,5,"FAO"
"1453","ID116",2020,25,3,"FAO"
"1454","ID116",2021,-29,2,"FAO"
"1455","ID116",2021,6,1,"FAO"
"1456","ID116",2021,-23,1,"FAO"
"1457","ID116",2021,14,4,"FAO"
"1458","ID116",2020,26,2,"FAO"
"1459","ID116",2021,7,1,"FAO"
"1460","ID116",2021,8,1,"FAO"
"1461","ID116",2021,11,4,"FAO"
"1462","ID116",2021,14,3,"FAO"
"1463","ID116",2020,12,1,"FAO"
"1464","ID116",2020,25,3,"FAO"
"1465","ID116",2020,26,2,"FAO"
"1466","ID116",2020,27,2,"FAO"
"1467","ID116",2020,7,2,"FAO"
"1468","ID116",2021,-39,1,"FAO"
"1469","ID116",2021,-38,1,"FAO"
"1470","ID116",2021,-30,1,"FAO"
"1471","ID116",2020,31,1,"FAO"
"1472","ID116",2020,28,1,"FAO"
"1473","ID117",2019,44,1,"FAY"
"1474","ID117",2019,42,3,"FAY"
"1475","ID117",2019,41,1,"FAY"
"1476","ID117",2019,27,1,"FAY"
"1477","ID117",2019,20,1,"FAY"
"1478","ID117",2019,43,3,"FAY"
"1479","ID117",2019,42,8,"FAY"
"1480","ID117",2020,8,1,"FAY"
"1481","ID117",2019,21,1,"FAY"
"1482","ID117",2019,41,5,"FAY"
"1483","ID117",2019,35,2,"FAY"
"1484","ID117",2019,36,1,"FAY"
"1485","ID117",2019,30,3,"FAY"
"1486","ID117",2019,13,1,"FAY"
"1487","ID117",2019,33,2,"FAY"
"1488","ID117",2019,28,1,"FAY"
"1489","ID117",2019,18,1,"FAY"
"1490","ID117",2019,34,1,"FAY"
"1491","ID117",2019,12,1,"FAY"
"1492","ID117",2019,17,1,"FAY"
"1493","ID117",2019,14,2,"FAY"
"1494","ID117",2019,17,1,"FAY"
"1495","ID118",2021,-9,4,"FAO"
"1496","ID119",2020,60,2,"FAY"
"1497","ID119",2021,-40,1,"FAY"
"1498","ID119",2021,14,2,"FAY"
"1499","ID119",2019,11,1,"FAY"
"1500","ID119",2019,24,4,"FAY"
"1501","ID119",2020,23,2,"FAY"
"1502","ID119",2021,15,2,"FAY"
"1503","ID119",2021,7,2,"FAY"
"1504","ID119",2020,24,2,"FAY"
"1505","ID119",2021,16,8,"FAY"
"1506","ID119",2021,-43,1,"FAY"
"1507","ID119",2019,6,2,"FAY"
"1508","ID119",2019,17,3,"FAY"
"1509","ID119",2020,32,2,"FAY"
"1510","ID119",2021,-12,2,"FAY"
"1511","ID119",2021,-9,1,"FAY"
"1512","ID119",2020,20,2,"FAY"
"1513","ID119",2021,-21,1,"FAY"
"1514","ID119",2020,25,1,"FAY"
"1515","ID119",2020,24,5,"FAY"
"1516","ID119",2021,21,1,"FAY"
"1517","ID119",2021,9,1,"FAY"
"1518","ID119",2021,-42,2,"FAY"
"1519","ID119",2021,-21,1,"FAY"
"1520","ID119",2021,7,2,"FAY"
"1521","ID119",2021,-12,8,"FAY"
"1522","ID119",2021,14,2,"FAY"
"1523","ID119",2021,-3,1,"FAY"
"1524","ID119",2021,-43,2,"FAY"
"1525","ID119",2021,-39,1,"FAY"
"1526","ID119",2021,-38,2,"FAY"
"1527","ID119",2020,26,6,"FAY"
"1528","ID120",2019,33,12,"FAO"
"1529","ID120",2019,66,7,"FAO"
"1530","ID120",2019,64,2,"FAO"
"1531","ID120",2019,6,2,"FAO"
"1532","ID120",2020,64,4,"FAO"
"1533","ID120",2019,35,1,"FAO"
"1534","ID120",2019,35,1,"FAO"
"1535","ID120",2020,26,7,"FAO"
"1536","ID120",2019,27,3,"FAO"
"1537","ID120",2019,66,2,"FAO"
"1538","ID120",2020,18,4,"FAO"
"1539","ID120",2020,60,1,"FAO"
"1540","ID120",2019,7,10,"FAO"
"1541","ID120",2020,24,1,"FAO"
"1542","ID120",2019,27,4,"FAO"
"1543","ID120",2020,34,2,"FAO"
"1544","ID120",2020,32,10,"FAO"
"1545","ID120",2019,36,1,"FAO"
"1546","ID120",2019,18,4,"FAO"
"1547","ID120",2019,26,3,"FAO"
"1548","ID120",2019,31,1,"FAO"
"1549","ID120",2020,26,1,"FAO"
"1550","ID120",2020,25,7,"FAO"
"1551","ID120",2020,34,2,"FAO"
"1552","ID120",2020,35,2,"FAO"
"1553","ID120",2020,31,1,"FAO"
"1554","ID120",2020,3,1,"FAO"
"1555","ID120",2020,6,1,"FAO"
"1556","ID120",2020,27,3,"FAO"
"1557","ID120",2019,9,7,"FAO"
"1558","ID122",2019,6,3,"FAO"
"1559","ID122",2019,10,5,"FAO"
"1560","ID122",2019,9,6,"FAO"
"1561","ID122",2019,8,4,"FAO"
"1562","ID122",2019,7,5,"FAO"
"1563","ID123",2020,35,3,"FAO"
"1564","ID123",2021,-26,1,"FAO"
"1565","ID123",2020,34,1,"FAO"
"1566","ID123",2021,-42,4,"FAO"
"1567","ID123",2021,-41,3,"FAO"
"1568","ID123",2020,27,8,"FAO"
"1569","ID123",2020,31,3,"FAO"
"1570","ID123",2021,-37,1,"FAO"
"1571","ID123",2021,-36,1,"FAO"
"1572","ID123",2021,-33,2,"FAO"
"1573","ID123",2021,16,2,"FAO"
"1574","ID123",2021,-43,4,"FAO"
"1575","ID123",2021,-42,1,"FAO"
"1576","ID123",2021,-30,2,"FAO"
"1577","ID123",2021,-28,14,"FAO"
"1578","ID123",2020,24,1,"FAO"
"1579","ID123",2020,25,3,"FAO"
"1580","ID123",2020,26,8,"FAO"
"1581","ID123",2021,-43,2,"FAO"
"1582","ID123",2020,32,2,"FAO"
"1583","ID123",2020,34,1,"FAO"
"1584","ID123",2021,-14,3,"FAO"
"1585","ID123",2021,-12,1,"FAO"
"1586","ID123",2021,-9,4,"FAO"
"1587","ID123",2021,-5,1,"FAO"
"1588","ID123",2021,6,1,"FAO"
"1589","ID123",2021,12,1,"FAO"
"1590","ID123",2021,19,2,"FAO"
"1591","ID123",2021,1,1,"FAO"
"1592","ID123",2021,-40,5,"FAO"
"1593","ID123",2021,-39,1,"FAO"
"1594","ID123",2021,-28,3,"FAO"
"1595","ID123",2021,-25,1,"FAO"
"1596","ID123",2020,27,4,"FAO"
"1597","ID123",2020,45,1,"FAO"
"1598","ID123",2021,-12,2,"FAO"
"1599","ID123",2021,-9,4,"FAO"
"1600","ID123",2021,-18,2,"FAO"
"1601","ID123",2021,-14,1,"FAO"
"1602","ID123",2021,-41,6,"FAO"
"1603","ID123",2020,11,1,"FAO"
"1604","ID124",2019,14,3,"FAO"
"1605","ID124",2019,6,1,"FAO"
"1606","ID124",2019,57,3,"FAO"
"1607","ID124",2019,33,3,"FAO"
"1608","ID124",2019,23,2,"FAO"
"1609","ID124",2019,26,1,"FAO"
"1610","ID124",2019,18,1,"FAO"
"1611","ID124",2019,20,1,"FAO"
"1612","ID124",2019,39,1,"FAO"
"1613","ID124",2019,15,2,"FAO"
"1614","ID125",2019,13,1,"FAY"
"1615","ID125",2019,20,2,"FAY"
"1616","ID125",2019,25,1,"FAY"
"1617","ID125",2019,12,1,"FAY"
"1618","ID125",2019,16,2,"FAY"
"1619","ID125",2019,10,2,"FAY"
"1620","ID125",2019,15,1,"FAY"
"1621","ID125",2019,24,1,"FAY"
"1622","ID125",2019,11,1,"FAY"
"1623","ID125",2019,21,2,"FAY"
"1624","ID126",2021,-22,1,"FAO"
"1625","ID126",2021,-16,1,"FAO"
"1626","ID126",2020,9,1,"FAO"
"1627","ID126",2021,-22,2,"FAO"
"1628","ID126",2021,-24,1,"FAO"
"1629","ID126",2020,21,4,"FAO"
"1630","ID126",2020,26,1,"FAO"
"1631","ID126",2021,-10,2,"FAO"
"1632","ID126",2019,17,1,"FAO"
"1633","ID126",2021,-24,1,"FAO"
"1634","ID126",2020,29,2,"FAO"
"1635","ID126",2020,34,3,"FAO"
"1636","ID126",2019,14,1,"FAO"
"1637","ID126",2020,28,2,"FAO"
"1638","ID126",2021,-25,1,"FAO"
"1639","ID126",2021,-31,1,"FAO"
"1640","ID126",2020,40,4,"FAO"
"1641","ID126",2019,16,2,"FAO"
"1642","ID126",2020,36,2,"FAO"
"1643","ID126",2021,-14,2,"FAO"
"1644","ID126",2019,15,3,"FAO"
"1645","ID126",2019,20,2,"FAO"
"1646","ID126",2019,18,3,"FAO"
"1647","ID126",2020,37,1,"FAO"
"1648","ID126",2021,-8,1,"FAO"
"1649","ID126",2020,24,2,"FAO"
"1650","ID126",2020,25,2,"FAO"
"1651","ID126",2019,13,1,"FAO"
"1652","ID126",2020,26,1,"FAO"
"1653","ID126",2020,32,2,"FAO"
"1654","ID126",2020,36,2,"FAO"
"1655","ID126",2019,11,1,"FAO"
"1656","ID126",2021,10,1,"FAO"
"1657","ID129",2019,22,4,"FAO"
"1658","ID129",2019,41,1,"FAO"
"1659","ID129",2019,42,11,"FAO"
"1660","ID129",2019,32,1,"FAO"
"1661","ID129",2019,18,1,"FAO"
"1662","ID129",2019,25,2,"FAO"
"1663","ID129",2019,34,7,"FAO"
"1664","ID129",2019,20,2,"FAO"
"1665","ID129",2019,14,2,"FAO"
"1666","ID129",2019,40,1,"FAO"
"1667","ID129",2019,36,3,"FAO"
"1668","ID129",2019,39,1,"FAO"
"1669","ID129",2019,26,2,"FAO"
"1670","ID129",2019,40,2,"FAO"
"1671","ID129",2019,42,1,"FAO"
"1672","ID129",2019,36,5,"FAO"
"1673","ID129",2020,6,1,"FAO"
"1674","ID129",2019,32,1,"FAO"
"1675","ID130",2021,9,3,"FAO"
"1676","ID130",2019,17,1,"FAO"
"1677","ID130",2019,14,3,"FAO"
"1678","ID130",2019,15,1,"FAO"
"1679","ID130",2021,7,4,"FAO"
"1680","ID130",2021,11,1,"FAO"
"1681","ID130",2021,7,1,"FAO"
"1682","ID130",2021,10,2,"FAO"
"1683","ID130",2021,1,1,"FAO"
"1684","ID130",2019,18,4,"FAO"
"1685","ID130",2019,22,2,"FAO"
"1686","ID130",2019,66,21,"FAO"
"1687","ID130",2020,30,1,"FAO"
"1688","ID130",2021,-21,1,"FAO"
"1689","ID130",2020,35,1,"FAO"
"1690","ID130",2020,34,3,"FAO"
"1691","ID130",2021,-2,2,"FAO"
"1692","ID130",2019,34,1,"FAO"
"1693","ID130",2019,20,2,"FAO"
"1694","ID130",2019,31,1,"FAO"
"1695","ID130",2021,-9,1,"FAO"
"1696","ID130",2020,31,6,"FAO"
"1697","ID130",2021,-24,1,"FAO"
"1698","ID130",2019,35,1,"FAO"
"1699","ID130",2020,27,4,"FAO"
"1700","ID130",2019,33,5,"FAO"
"1701","ID130",2019,35,1,"FAO"
"1702","ID130",2021,-34,2,"FAO"
"1703","ID130",2021,-28,1,"FAO"
"1704","ID130",2019,25,1,"FAO"
"1705","ID130",2021,-29,4,"FAO"
"1706","ID130",2019,23,1,"FAO"
"1707","ID130",2021,-16,1,"FAO"
"1708","ID132",2019,17,3,"FAY"
"1709","ID133",2020,8,1,"FAO"
"1710","ID133",2020,19,71,"FAO"
"1711","ID133",2020,20,1,"FAO"
"1712","ID133",2020,22,2,"FAO"
"1713","ID133",2020,27,3,"FAO"
"1714","ID133",2020,32,2,"FAO"
"1715","ID133",2020,19,1,"FAO"
"1716","ID133",2020,21,3,"FAO"
"1717","ID133",2020,5,1,"FAO"
"1718","ID136",2019,26,1,"JUV"
"1719","ID136",2019,27,2,"JUV"
"1720","ID136",2019,28,5,"JUV"
"1721","ID136",2019,27,2,"JUV"
"1722","ID137",2019,29,1,"JUV"
"1723","ID137",2019,26,4,"JUV"
"1724","ID137",2019,25,3,"JUV"
"1725","ID137",2019,28,1,"JUV"
"1726","ID137",2019,34,1,"JUV"
"1727","ID137",2019,27,4,"JUV"
"1728","ID138",2019,30,1,"JUV"
"1729","ID139",2019,32,3,"JUV"
"1730","ID139",2019,37,3,"JUV"
"1731","ID139",2019,34,3,"JUV"
"1732","ID139",2019,32,3,"JUV"
"1733","ID139",2019,34,4,"JUV"
"1734","ID139",2019,26,2,"JUV"
"1735","ID140",2019,26,3,"JUV"
"1736","ID140",2019,42,3,"JUV"
"1737","ID140",2019,33,6,"JUV"
"1738","ID140",2019,36,1,"JUV"
"1739","ID140",2019,25,1,"JUV"
"1740","ID140",2019,36,1,"JUV"
"1741","ID140",2019,42,1,"JUV"
"1742","ID140",2019,25,1,"JUV"
"1743","ID142",2019,27,4,"JUV"
"1744","ID142",2019,31,1,"JUV"
"1745","ID142",2019,26,4,"JUV"
"1746","ID142",2019,30,3,"JUV"
"1747","ID142",2019,28,1,"JUV"
"1748","ID142",2019,34,4,"JUV"
"1749","ID142",2019,32,7,"JUV"
"1750","ID142",2019,31,4,"JUV"
"1751","ID142",2019,25,3,"JUV"
"1752","ID143",2021,15,1,"FAO"
"1753","ID143",2020,10,1,"FAO"
"1754","ID143",2021,14,4,"FAO"
"1755","ID143",2021,-34,1,"FAO"
"1756","ID143",2021,-32,1,"FAO"
"1757","ID143",2021,11,3,"FAO"
"1758","ID143",2020,21,5,"FAO"
"1759","ID143",2020,25,3,"FAO"
"1760","ID143",2020,14,1,"FAO"
"1761","ID143",2020,20,1,"FAO"
"1762","ID143",2020,25,2,"FAO"
"1763","ID143",2021,-35,1,"FAO"
"1764","ID143",2021,-5,1,"FAO"
"1765","ID144",2021,-38,1,"FAO"
"1766","ID144",2021,-40,5,"FAO"
"1767","ID144",2021,-40,2,"FAO"
"1768","ID144",2021,-38,2,"FAO"
"1769","ID145",2019,34,1,"JUV"
"1770","ID145",2019,26,2,"JUV"
"1771","ID145",2019,29,9,"JUV"
"1772","ID145",2019,32,9,"JUV"
"1773","ID145",2019,34,2,"JUV"
"1774","ID145",2019,33,5,"JUV"
"1775","ID145",2019,30,2,"JUV"
"1776","ID145",2019,64,4,"JUV"
"1777","ID146",2019,33,3,"JUV"
"1778","ID146",2019,29,3,"JUV"
"1779","ID146",2019,35,4,"JUV"
"1780","ID146",2019,32,7,"JUV"
"1781","ID146",2019,30,9,"JUV"
"1782","ID146",2019,33,5,"JUV"
"1783","ID147",2019,27,2,"JUV"
"1784","ID148",2019,26,6,"JUV"
"1785","ID148",2019,42,2,"JUV"
"1786","ID148",2019,37,1,"JUV"
"1787","ID148",2019,44,1,"JUV"
"1788","ID148",2019,35,8,"JUV"
"1789","ID148",2019,42,2,"JUV"
"1790","ID149",2019,42,3,"JUV"
"1791","ID149",2019,42,3,"JUV"
"1792","ID149",2019,44,1,"JUV"
"1793","ID149",2019,26,1,"JUV"
"1794","ID149",2019,36,5,"JUV"
"1795","ID149",2019,37,1,"JUV"
"1796","ID149",2019,29,1,"JUV"
"1797","ID149",2019,32,1,"JUV"
"1798","ID149",2019,30,1,"JUV"
"1799","ID150",2019,35,1,"JUV"
"1800","ID150",2019,30,3,"JUV"
"1801","ID150",2019,29,2,"JUV"
"1802","ID150",2019,44,1,"JUV"
"1803","ID151",2019,27,12,"JUV"
"1804","ID151",2019,29,3,"JUV"
"1805","ID151",2019,30,3,"JUV"
"1806","ID151",2019,33,1,"JUV"
"1807","ID151",2019,31,1,"JUV"
"1808","ID151",2019,31,4,"JUV"
"1809","ID152",2019,32,3,"JUV"
"1810","ID152",2019,29,1,"JUV"
"1811","ID152",2019,35,4,"JUV"
"1812","ID152",2019,30,4,"JUV"
"1813","ID152",2019,28,2,"JUV"
"1814","ID152",2019,38,5,"JUV"
"1815","ID152",2019,27,3,"JUV"
"1816","ID153",2019,41,3,"JUV"
"1817","ID153",2019,35,1,"JUV"
"1818","ID153",2019,30,2,"JUV"
"1819","ID153",2019,31,1,"JUV"
"1820","ID153",2019,41,4,"JUV"
"1821","ID153",2019,43,1,"JUV"
"1822","ID153",2019,27,2,"JUV"
"1823","ID153",2019,43,1,"JUV"
"1824","ID154",2019,33,10,"JUV"
"1825","ID155",2019,40,4,"JUV"
"1826","ID155",2019,31,1,"JUV"
"1827","ID155",2019,33,8,"JUV"
"1828","ID155",2019,43,1,"JUV"
"1829","ID155",2019,32,6,"JUV"
"1830","ID155",2019,27,1,"JUV"
"1831","ID155",2019,42,2,"JUV"
"1832","ID155",2019,26,1,"JUV"
"1833","ID155",2019,40,2,"JUV"
"1834","ID157",2020,20,1,"FAY"
"1835","ID157",2021,-25,1,"FAY"
"1836","ID157",2021,-5,1,"FAY"
"1837","ID157",2021,-26,3,"FAY"
"1838","ID157",2021,-35,4,"FAY"
"1839","ID157",2021,-5,1,"FAY"
"1840","ID157",2021,-28,1,"FAY"
"1841","ID157",2021,17,3,"FAY"
"1842","ID157",2020,10,1,"FAY"
"1843","ID157",2021,-33,1,"FAY"
"1844","ID157",2021,-23,2,"FAY"
"1845","ID157",2020,24,4,"FAY"
"1846","ID157",2021,-28,4,"FAY"
"1847","ID157",2021,-35,1,"FAY"
"1848","ID157",2021,-34,1,"FAY"
"1849","ID157",2021,-33,1,"FAY"
"1850","ID158",2020,36,2,"FAO"
"1851","ID158",2020,23,1,"FAO"
"1852","ID158",2020,45,25,"FAO"
"1853","ID158",2020,36,1,"FAO"
"1854","ID158",2020,21,2,"FAO"
"1855","ID158",2020,34,7,"FAO"
"1856","ID158",2020,24,1,"FAO"
"1857","ID158",2020,32,2,"FAO"
"1858","ID160",2019,34,8,"JUV"
"1859","ID160",2019,42,7,"JUV"
"1860","ID160",2019,39,1,"JUV"
"1861","ID160",2019,40,2,"JUV"
"1862","ID160",2019,36,1,"JUV"
"1863","ID160",2019,42,1,"JUV"
"1864","ID160",2019,37,3,"JUV"
"1865","ID160",2019,36,1,"JUV"
"1866","ID161",2019,40,1,"JUV"
"1867","ID161",2019,42,4,"JUV"
"1868","ID162",2019,35,1,"JUV"
"1869","ID164",2019,42,2,"JUV"
"1870","ID164",2019,43,2,"JUV"
"1871","ID164",2019,40,1,"JUV"
"1872","ID164",2019,39,1,"JUV"
"1873","ID164",2019,36,3,"JUV"
"1874","ID164",2019,38,1,"JUV"
"1875","ID165",2019,34,3,"JUV"
"1876","ID166",2020,60,16,"FAY"
"1877","ID166",2020,31,2,"FAY"
"1878","ID166",2020,27,4,"FAY"
"1879","ID166",2020,22,2,"FAY"
"1880","ID166",2020,60,34,"FAY"
"1881","ID166",2020,27,2,"FAY"
"1882","ID169",2019,38,5,"JUV"
"1883","ID169",2019,35,1,"JUV"
"1884","ID170",2019,42,3,"JUV"
"1885","ID170",2019,41,2,"JUV"
"1886","ID171",2021,-43,1,"FAY"
"1887","ID171",2021,-41,3,"FAY"
"1888","ID171",2021,-38,2,"FAY"
"1889","ID171",2021,-25,1,"FAY"
"1890","ID171",2021,-39,2,"FAY"
"1891","ID171",2020,28,1,"FAY"
"1892","ID171",2020,20,2,"FAY"
"1893","ID171",2020,22,1,"FAY"
"1894","ID171",2020,25,1,"FAY"
"1895","ID171",2020,27,4,"FAY"
"1896","ID171",2021,-31,1,"FAY"
"1897","ID173",2020,64,24,"FAY"
"1898","ID174",2020,45,6,"FAY"
"1899","ID174",2020,63,19,"FAY"
"1900","ID174",2020,27,7,"FAY"
"1901","ID174",2020,32,1,"FAY"
"1902","ID174",2020,45,23,"FAY"
"1903","ID174",2020,37,1,"FAY"
"1904","ID175",2021,-26,2,"FAY"
"1905","ID175",2021,-39,6,"FAY"
"1906","ID175",2021,-41,4,"FAY"
"1907","ID175",2020,34,4,"FAY"
"1908","ID175",2020,45,9,"FAY"
"1909","ID175",2021,-40,1,"FAY"
"1910","ID177",2019,41,8,"JUV"
"1911","ID178",2019,42,2,"JUV"
"1912","ID178",2019,42,7,"JUV"
"1913","ID179",2019,44,4,"JUV"
"1914","ID179",2019,41,6,"JUV"
"1915","ID179",2019,37,2,"JUV"
"1916","ID179",2019,42,6,"JUV"
"1917","ID179",2019,40,3,"JUV"
"1918","ID179",2019,41,1,"JUV"
"1919","ID183",2020,20,4,"FAY"
"1920","ID183",2021,-31,1,"FAY"
"1921","ID183",2020,34,1,"FAY"
"1922","ID183",2021,-25,2,"FAY"
"1923","ID183",2020,19,2,"FAY"
"1924","ID183",2021,-23,2,"FAY"
"1925","ID183",2021,-42,1,"FAY"
"1926","ID183",2021,-22,1,"FAY"
"1927","ID183",2020,45,44,"FAY"
"1928","ID183",2021,-40,2,"FAY"
"1929","ID183",2020,27,1,"FAY"
"1930","ID183",2021,-41,2,"FAY"
"1931","ID183",2021,-18,2,"FAY"
"1932","ID183",2021,-24,1,"FAY"
"1933","ID183",2021,-42,1,"FAY"
"1934","ID183",2021,-39,3,"FAY"
"1935","ID183",2021,-31,3,"FAY"
"1936","ID183",2020,26,4,"FAY"
"1937","ID183",2020,34,2,"FAY"
"1938","ID183",2020,45,18,"FAY"
"1939","ID183",2021,-12,1,"FAY"
"1940","ID184",2021,-22,3,"FAO"
"1941","ID184",2021,-11,1,"FAO"
"1942","ID184",2021,-33,1,"FAO"
"1943","ID184",2021,-30,1,"FAO"
"1944","ID184",2021,-29,2,"FAO"
"1945","ID184",2021,-41,1,"FAO"
"1946","ID184",2021,-9,1,"FAO"
"1947","ID184",2021,-27,1,"FAO"
"1948","ID184",2021,-30,1,"FAO"
"1949","ID184",2021,-28,3,"FAO"
"1950","ID184",2021,-14,1,"FAO"
"1951","ID184",2021,9,1,"FAO"
"1952","ID184",2021,-32,1,"FAO"
"1953","ID184",2021,19,1,"FAO"
"1954","ID184",2021,-22,4,"FAO"
"1955","ID184",2021,-33,1,"FAO"
"1956","ID184",2021,-15,1,"FAO"
"1957","ID186",2021,-42,3,"FAO"
"1958","ID186",2020,27,4,"FAO"
"1959","ID186",2020,18,1,"FAO"
"1960","ID186",2020,19,3,"FAO"
"1961","ID187",2020,22,1,"FAO"
"1962","ID192",2019,39,1,"JUV"
"1963","ID192",2019,41,1,"JUV"
"1964","ID195",2020,25,3,"FAY"
"1965","ID195",2020,6,1,"FAY"
"1966","ID195",2021,-27,1,"FAY"
"1967","ID198",2019,63,1,"JUV"
"1968","ID201",2021,-28,1,"FAY"
"1969","ID201",2021,-2,1,"FAY"
"1970","ID201",2021,-33,1,"FAY"
"1971","ID201",2021,-34,2,"FAY"
"1972","ID201",2021,-27,2,"FAY"
"1973","ID201",2020,26,4,"FAY"
"1974","ID201",2020,24,8,"FAY"
"1975","ID201",2021,-3,1,"FAY"
"1976","ID205",2021,-35,3,"FAO"
"1977","ID205",2020,35,2,"FAO"
"1978","ID205",2021,-41,4,"FAO"
"1979","ID205",2021,-38,8,"FAO"
"1980","ID205",2020,29,2,"FAO"
"1981","ID205",2020,32,7,"FAO"
"1982","ID205",2021,-42,2,"FAO"
"1983","ID205",2020,32,5,"FAO"
"1984","ID205",2021,-29,2,"FAO"
"1985","ID205",2021,-27,1,"FAO"
"1986","ID205",2020,21,4,"FAO"
"1987","ID205",2020,28,1,"FAO"
"1988","ID205",2021,-16,1,"FAO"
"1989","ID205",2021,-13,2,"FAO"
"1990","ID205",2021,-15,4,"FAO"
"1991","ID205",2021,-43,1,"FAO"
"1992","ID205",2021,-42,4,"FAO"
"1993","ID205",2021,-1,2,"FAO"
"1994","ID205",2020,28,3,"FAO"
"1995","ID205",2021,-33,1,"FAO"
"1996","ID205",2021,-30,2,"FAO"
"1997","ID205",2020,44,3,"FAO"
"1998","ID205",2021,-38,6,"FAO"
"1999","ID205",2021,-22,1,"FAO"
"2000","ID205",2021,-18,1,"FAO"
"2001","ID205",2021,-14,4,"FAO"
"2002","ID205",2021,-39,1,"FAO"
"2003","ID205",2021,-12,2,"FAO"
"2004","ID205",2021,-40,4,"FAO"
"2005","ID205",2021,-9,1,"FAO"
"2006","ID205",2021,-32,1,"FAO"
"2007","ID205",2021,-41,4,"FAO"
"2008","ID205",2021,-26,1,"FAO"
"2009","ID205",2021,2,1,"FAO"
"2010","ID206",2020,36,1,"FAO"
"2011","ID206",2020,29,1,"FAO"
"2012","ID206",2020,24,4,"FAO"
"2013","ID206",2020,20,1,"FAO"
"2014","ID206",2020,27,8,"FAO"
"2015","ID206",2020,28,2,"FAO"
"2016","ID206",2020,32,1,"FAO"
"2017","ID206",2020,30,6,"FAO"
"2018","ID206",2020,31,2,"FAO"
"2019","ID206",2020,60,11,"FAO"
"2020","ID206",2020,60,23,"FAO"
"2021","ID206",2020,21,1,"FAO"
"2022","ID206",2020,25,17,"FAO"
"2023","ID206",2020,28,1,"FAO"
"2024","ID206",2020,45,2,"FAO"
"2025","ID206",2020,26,1,"FAO"
"2026","ID206",2020,45,91,"FAO"
"2027","ID206",2020,31,3,"FAO"
"2028","ID206",2020,36,7,"FAO"
"2029","ID208",2021,-43,3,"FAO"
"2030","ID208",2021,-38,24,"FAO"
"2031","ID208",2021,-32,1,"FAO"
"2032","ID208",2021,-30,1,"FAO"
"2033","ID208",2021,-39,1,"FAO"
"2034","ID208",2021,10,3,"FAO"
"2035","ID208",2021,17,1,"FAO"
"2036","ID208",2021,-28,2,"FAO"
"2037","ID208",2021,9,1,"FAO"
"2038","ID208",2021,-40,1,"FAO"
"2039","ID208",2021,-41,2,"FAO"
"2040","ID208",2021,14,5,"FAO"
"2041","ID208",2021,-9,1,"FAO"
"2042","ID208",2021,6,2,"FAO"
"2043","ID208",2021,-27,1,"FAO"
"2044","ID208",2021,-43,3,"FAO"
"2045","ID210",2019,65,2,"JUV"
"2046","ID212",2021,-29,1,"FAO"
"2047","ID213",2019,65,1,"FAO"
"2048","ID213",2019,64,4,"FAO"
"2049","ID216",2021,-13,1,"FAO"
"2050","ID216",2021,-42,4,"FAO"
"2051","ID216",2021,-43,7,"FAO"
"2052","ID216",2021,-42,1,"FAO"
"2053","ID216",2021,-15,1,"FAO"
"2054","ID216",2021,-40,2,"FAO"
"2055","ID217",2021,-14,1,"FAY"
"2056","ID217",2021,-5,1,"FAY"
"2057","ID217",2021,-22,1,"FAY"
"2058","ID217",2021,-24,2,"FAY"
"2059","ID218",2020,27,2,"FAY"
"2060","ID218",2020,32,5,"FAY"
"2061","ID218",2021,-42,3,"FAY"
"2062","ID218",2021,-41,10,"FAY"
"2063","ID218",2020,13,1,"FAY"
"2064","ID218",2021,-43,1,"FAY"
"2065","ID218",2021,-28,10,"FAY"
"2066","ID218",2020,27,5,"FAY"
"2067","ID218",2021,-42,1,"FAY"
"2068","ID218",2020,31,2,"FAY"
"2069","ID218",2020,45,1,"FAY"
"2070","ID218",2021,-33,2,"FAY"
"2071","ID218",2021,-43,1,"FAY"
"2072","ID218",2020,8,1,"FAY"
"2073","ID218",2021,-40,2,"FAY"
"2074","ID218",2021,-30,1,"FAY"
"2075","ID218",2021,-29,6,"FAY"
"2076","ID218",2020,25,1,"FAY"
"2077","ID218",2021,-28,3,"FAY"
"2078","ID218",2020,50,2,"FAY"
"2079","ID218",2021,-29,1,"FAY"
"2080","ID218",2021,-25,1,"FAY"
"2081","ID218",2021,-23,5,"FAY"
"2082","ID218",2021,-19,1,"FAY"
"2083","ID218",2020,21,1,"FAY"
"2084","ID218",2020,23,3,"FAY"
"2085","ID218",2020,20,7,"FAY"
"2086","ID218",2021,-26,3,"FAY"
"2087","ID218",2021,-24,1,"FAY"
"2088","ID218",2021,-27,1,"FAY"
"2089","ID218",2020,13,3,"FAY"
"2090","ID219",2020,64,2,"FAY"
"2091","ID219",2020,60,2,"FAY"
"2092","ID227",2021,-28,1,"FAY"
"2093","ID227",2021,-40,1,"FAY"
"2094","ID227",2021,-13,1,"FAY"
"2095","ID227",2021,-43,1,"FAY"
"2096","ID227",2020,45,54,"FAY"
"2097","ID227",2021,-39,1,"FAY"
"2098","ID227",2021,-39,1,"FAY"
"2099","ID227",2020,45,3,"FAY"
"2100","ID228",2020,45,12,"FAY"
"2101","ID228",2020,45,33,"FAY"
"2102","ID229",2021,-30,1,"FAY"
"2103","ID229",2021,-42,2,"FAY"
"2104","ID229",2021,-41,4,"FAY"
"2105","ID229",2020,63,23,"FAY"
"2106","ID229",2021,-35,1,"FAY"
"2107","ID229",2020,32,2,"FAY"
"2108","ID229",2021,-12,2,"FAY"
"2109","ID229",2021,-39,1,"FAY"
"2110","ID229",2021,-25,1,"FAY"
"2111","ID229",2020,64,2,"FAY"
"2112","ID229",2020,30,1,"FAY"
"2113","ID229",2020,44,1,"FAY"
"2114","ID229",2020,64,2,"FAY"
"2115","ID229",2020,22,7,"FAY"
"2116","ID229",2020,31,2,"FAY"
"2117","ID229",2020,25,2,"FAY"
"2118","ID229",2020,63,2,"FAY"
"2119","ID229",2021,-3,1,"FAY"
"2120","ID229",2021,-9,1,"FAY"
"2121","ID232",2021,-22,2,"FAY"
"2122","ID232",2021,-24,2,"FAY"
"2123","ID238",2021,-40,5,"FAY"
"2124","ID238",2021,-35,2,"FAY"
"2125","ID238",2021,-8,1,"FAY"
"2126","ID238",2021,-42,3,"FAY"
"2127","ID238",2021,-41,1,"FAY"
"2128","ID238",2021,-38,1,"FAY"
"2129","ID238",2021,-35,1,"FAY"
"2130","ID238",2021,-39,2,"FAY"
"2131","ID238",2021,-28,1,"FAY"
"2132","ID238",2021,-25,1,"FAY"
"2133","ID244",2021,-34,1,"FAY"
"2134","ID244",2021,19,1,"FAY"
"2135","ID244",2021,-15,3,"FAY"
"2136","ID244",2021,-31,1,"FAY"
"2137","ID244",2021,-34,2,"FAY"
"2138","ID246",2021,-24,1,"FAY"
"2139","ID246",2020,35,1,"FAY"
"2140","ID246",2020,36,5,"FAY"
"2141","ID249",2021,-22,1,"FAY"
"2142","ID249",2020,8,1,"FAY"
"2143","ID249",2021,-26,1,"FAY"
"2144","ID249",2020,12,1,"FAY"
"2145","ID249",2021,-2,1,"FAY"
"2146","ID249",2021,-1,1,"FAY"
"2147","ID249",2021,-22,1,"FAY"
"2148","ID249",2021,5,1,"FAY"
"2149","ID249",2021,-33,1,"FAY"
"2150","ID249",2021,-29,1,"FAY"
"2151","ID249",2021,-23,1,"FAY"
"2152","ID254",2021,-2,1,"FAY"
"2153","ID256",2021,-43,2,"FAY"
"2154","ID256",2021,9,2,"FAY"
"2155","ID256",2021,12,1,"FAY"
"2156","ID256",2020,19,10,"FAY"
"2157","ID256",2021,4,2,"FAY"
"2158","ID256",2020,63,37,"FAY"
"2159","ID256",2020,63,34,"FAY"
"2160","ID256",2021,8,5,"FAY"
"2161","ID256",2021,-28,2,"FAY"
"2162","ID256",2021,6,3,"FAY"
"2163","ID256",2021,6,4,"FAY"
"2164","ID256",2021,7,1,"FAY"
"2165","ID256",2020,22,8,"FAY"
"2166","ID256",2021,16,1,"FAY"
"2167","ID256",2021,-34,1,"FAY"
"2168","ID256",2021,-42,4,"FAY"
"2169","ID256",2021,-2,1,"FAY"
"2170","ID256",2021,-10,1,"FAY"
"2171","ID256",2020,45,4,"FAY"
"2172","ID256",2020,60,7,"FAY"
"2173","ID256",2021,14,2,"FAY"
"2174","ID256",2021,-28,3,"FAY"
"2175","ID256",2021,4,1,"FAY"
"2176","ID256",2020,32,1,"FAY"
"2177","ID256",2021,-12,2,"FAY"
"2178","ID256",2020,28,4,"FAY"
"2179","ID256",2020,32,10,"FAY"
"2180","ID256",2021,-16,1,"FAY"
"2181","ID256",2021,-25,1,"FAY"
"2182","ID256",2021,-18,2,"FAY"
"2183","ID256",2021,-24,1,"FAY"
"2184","ID261",2020,60,29,"FAY"
"2185","ID261",2020,60,2,"FAY"
"2186","ID261",2020,45,10,"FAY"
"2187","ID261",2021,-34,1,"FAY"
"2188","ID261",2020,45,12,"FAY"
"2189","ID261",2021,-13,1,"FAY"
"2190","ID261",2021,-12,1,"FAY"
"2191","ID261",2021,-13,1,"FAY"
"2192","ID261",2021,-12,1,"FAY"
"2193","ID261",2021,-14,2,"FAY"
"2194","ID261",2021,-28,4,"FAY"
"2195","ID280",2021,-30,1,"FAO"
"2196","ID280",2021,-12,2,"FAO"
"2197","ID280",2021,-22,5,"FAO"
"2198","ID280",2021,5,1,"FAO"
"2199","ID280",2021,-22,1,"FAO"
"2200","ID280",2021,-13,1,"FAO"
"2201","ID280",2021,-28,2,"FAO"
"2202","ID280",2021,-32,1,"FAO"
"2203","ID280",2021,19,1,"FAO"
"2204","ID280",2021,-10,1,"FAO"
"2205","ID280",2021,-11,1,"FAO"
"2206","ID280",2021,-8,1,"FAO"
"2207","ID280",2020,6,1,"FAO"
"2208","ID280",2021,-34,6,"FAO"
"2209","ID280",2021,-37,1,"FAO"
"2210","ID280",2021,-33,1,"FAO"
"2211","ID280",2021,-35,8,"FAO"
"2212","ID281",2020,23,6,"FAY"
"2213","ID281",2020,24,4,"FAY"
"2214","ID281",2020,25,19,"FAY"
"2215","ID281",2020,31,10,"FAY"
"2216","ID281",2020,26,2,"FAY"
"2217","ID281",2020,30,5,"FAY"
"2218","ID281",2020,14,1,"FAY"
"2219","ID282",2021,-28,2,"FAO"
"2220","ID282",2021,-42,6,"FAO"
"2221","ID282",2021,-41,2,"FAO"
"2222","ID282",2021,-21,1,"FAO"
"2223","ID282",2021,-26,1,"FAO"
"2224","ID282",2021,-25,1,"FAO"
"2225","ID282",2021,-25,1,"FAO"
"2226","ID291",2021,-33,2,"FAO"
"2227","ID291",2021,-21,1,"FAO"
"2228","ID291",2021,-1,1,"FAO"
"2229","ID291",2021,-28,8,"FAO"
"2230","ID291",2021,2,2,"FAO"
"2231","ID291",2021,-35,1,"FAO"
"2232","ID291",2020,21,1,"FAO"
"2233","ID291",2021,-28,1,"FAO"
"2234","ID291",2021,-6,1,"FAO"
"2235","ID291",2021,-2,1,"FAO"
"2236","ID291",2021,-13,2,"FAO"
"2237","ID291",2021,-12,5,"FAO"
"2238","ID291",2021,-26,1,"FAO"
"2239","ID291",2020,18,5,"FAO"
"2240","ID291",2020,24,4,"FAO"
"2241","ID291",2020,22,2,"FAO"
"2242","ID291",2020,13,2,"FAO"
"2243","ID291",2020,14,2,"FAO"
"2244","ID291",2021,2,3,"FAO"
"2245","ID291",2021,-26,3,"FAO"
"2246","ID291",2021,-22,14,"FAO"
"2247","ID292",2021,-23,1,"FAO"
"2248","ID292",2021,-21,1,"FAO"
"2249","ID292",2021,-26,2,"FAO"
"2250","ID292",2020,21,3,"FAO"
"2251","ID292",2020,26,4,"FAO"
"2252","ID292",2021,-34,1,"FAO"
"2253","ID292",2021,-25,1,"FAO"
"2254","ID292",2021,10,1,"FAO"
"2255","ID292",2021,-32,1,"FAO"
"2256","ID292",2021,-35,2,"FAO"
"2257","ID292",2021,-28,3,"FAO"
"2258","ID293",2021,7,2,"FAY"
"2259","ID293",2021,-13,1,"FAY"
"2260","ID293",2021,-12,5,"FAY"
"2261","ID293",2021,1,1,"FAY"
"2262","ID293",2021,-35,1,"FAY"
"2263","ID293",2021,2,3,"FAY"
"2264","ID293",2021,-14,4,"FAY"
"2265","ID293",2021,3,1,"FAY"
"2266","ID293",2021,-12,5,"FAY"
"2267","ID293",2020,23,4,"FAY"
"2268","ID293",2021,-9,1,"FAY"
"2269","ID293",2021,-39,1,"FAY"
"2270","ID293",2020,27,3,"FAY"
"2271","ID293",2021,-25,2,"FAY"
"2272","ID293",2021,-37,2,"FAY"
"2273","ID293",2021,-18,2,"FAY"
"2274","ID293",2021,18,2,"FAY"
"2275","ID293",2020,63,4,"FAY"
"2276","ID293",2020,60,33,"FAY"
"2277","ID293",2021,5,1,"FAY"
"2278","ID293",2021,-40,1,"FAY"
"2279","ID293",2020,20,1,"FAY"
"2280","ID293",2021,-31,5,"FAY"
"2281","ID293",2021,10,1,"FAY"
"2282","ID293",2021,11,1,"FAY"
"2283","ID293",2021,9,1,"FAY"
"2284","ID293",2020,24,1,"FAY"
"2285","ID293",2021,-42,2,"FAY"
"2286","ID293",2020,22,8,"FAY"
"2287","ID293",2021,-28,27,"FAY"
"2288","ID293",2020,25,2,"FAY"
"2289","ID293",2021,-42,4,"FAY"
"2290","ID293",2021,-34,2,"FAY"
"2291","ID293",2021,-33,1,"FAY"
"2292","ID293",2020,63,23,"FAY"
"2293","ID297",2020,27,4,"JUV"
"2294","ID297",2020,65,1,"JUV"
"2295","ID297",2020,65,12,"JUV"
"2296","ID297",2020,24,3,"JUV"
"2297","ID298",2020,26,9,"FAO"
"2298","ID298",2020,26,3,"FAO"
"2299","ID299",2021,-40,1,"FAY"
"2300","ID299",2021,-41,1,"FAY"
"2301","ID299",2021,-41,1,"FAY"
"2302","ID299",2021,-33,3,"FAY"
"2303","ID299",2021,-35,1,"FAY"
"2304","ID299",2021,-23,1,"FAY"
"2305","ID299",2021,-13,2,"FAY"
"2306","ID299",2021,-32,1,"FAY"
"2307","ID299",2021,-29,1,"FAY"
"2308","ID299",2021,-42,6,"FAY"
"2309","ID299",2021,17,1,"FAY"
"2310","ID299",2021,-40,2,"FAY"
"2311","ID299",2021,-39,1,"FAY"
"2312","ID299",2021,-28,7,"FAY"
"2313","ID299",2021,-34,1,"FAY"
"2314","ID299",2021,-10,1,"FAY"
"2315","ID299",2021,-9,9,"FAY"
"2316","ID299",2021,6,1,"FAY"
"2317","ID301",2020,93,3,"JUV"
"2318","ID301",2020,92,2,"JUV"
"2319","ID301",2020,25,9,"JUV"
"2320","ID301",2020,91,2,"JUV"
"2321","ID302",2020,90,10,"JUV"
"2322","ID302",2020,92,2,"JUV"
"2323","ID302",2020,45,26,"JUV"
"2324","ID303",2020,25,7,"JUV"
"2325","ID303",2020,90,2,"JUV"
"2326","ID303",2020,24,7,"JUV"
"2327","ID303",2020,65,1,"JUV"
"2328","ID303",2020,34,4,"JUV"
"2329","ID303",2020,94,1,"JUV"
"2330","ID303",2020,64,6,"JUV"
"2331","ID303",2020,29,4,"JUV"
"2332","ID303",2020,27,19,"JUV"
"2333","ID303",2020,26,1,"JUV"
"2334","ID303",2020,91,7,"JUV"
"2335","ID303",2020,90,4,"JUV"
"2336","ID303",2020,36,1,"JUV"
"2337","ID303",2020,35,2,"JUV"
"2338","ID304",2020,27,3,"JUV"
"2339","ID305",2020,32,1,"JUV"
"2340","ID305",2020,27,16,"JUV"
"2341","ID305",2020,90,21,"JUV"
"2342","ID305",2020,91,10,"JUV"
"2343","ID305",2020,28,3,"JUV"
"2344","ID305",2020,31,5,"JUV"
"2345","ID305",2020,30,2,"JUV"
"2346","ID306",2020,31,1,"JUV"
"2347","ID306",2020,32,2,"JUV"
"2348","ID307",2021,5,2,"FAO"
"2349","ID307",2021,-30,2,"FAO"
"2350","ID307",2021,-29,1,"FAO"
"2351","ID308",2020,60,3,"JUV"
"2352","ID308",2020,31,6,"JUV"
"2353","ID308",2020,27,13,"JUV"
"2354","ID308",2020,63,10,"JUV"
"2355","ID308",2020,31,8,"JUV"
"2356","ID308",2020,65,2,"JUV"
"2357","ID308",2020,63,8,"JUV"
"2358","ID308",2020,28,7,"JUV"
"2359","ID308",2020,64,9,"JUV"
"2360","ID308",2020,26,4,"JUV"
"2361","ID308",2020,25,1,"JUV"
"2362","ID308",2020,60,3,"JUV"
"2363","ID308",2020,32,3,"JUV"
"2364","ID309",2020,29,2,"JUV"
"2365","ID309",2020,31,1,"JUV"
"2366","ID309",2020,25,4,"JUV"
"2367","ID309",2020,30,1,"JUV"
"2368","ID309",2020,40,11,"JUV"
"2369","ID309",2020,40,13,"JUV"
"2370","ID309",2020,91,9,"JUV"
"2371","ID310",2020,63,18,"JUV"
"2372","ID310",2020,28,4,"JUV"
"2373","ID310",2020,63,1,"JUV"
"2374","ID312",2021,-14,3,"FAY"
"2375","ID312",2021,6,1,"FAY"
"2376","ID312",2021,-12,17,"FAY"
"2377","ID312",2021,16,3,"FAY"
"2378","ID312",2021,-27,1,"FAY"
"2379","ID312",2021,7,8,"FAY"
"2380","ID312",2021,8,1,"FAY"
"2381","ID312",2021,11,2,"FAY"
"2382","ID312",2021,12,3,"FAY"
"2383","ID312",2021,-31,1,"FAY"
"2384","ID312",2021,-27,1,"FAY"
"2385","ID312",2021,-24,3,"FAY"
"2386","ID312",2021,4,1,"FAY"
"2387","ID312",2021,6,5,"FAY"
"2388","ID312",2021,-10,1,"FAY"
"2389","ID312",2021,1,3,"FAY"
"2390","ID312",2021,20,1,"FAY"
"2391","ID312",2021,17,1,"FAY"
"2392","ID313",2020,64,1,"JUV"
"2393","ID313",2020,60,18,"JUV"
"2394","ID313",2020,60,13,"JUV"
"2395","ID314",2020,90,6,"JUV"
"2396","ID314",2020,90,6,"JUV"
"2397","ID314",2020,45,70,"JUV"
"2398","ID314",2020,91,3,"JUV"
"2399","ID314",2020,91,2,"JUV"
"2400","ID314",2020,25,2,"JUV"
"2401","ID314",2020,64,13,"JUV"
"2402","ID314",2020,45,16,"JUV"
"2403","ID314",2020,26,6,"JUV"
"2404","ID314",2020,27,3,"JUV"
"2405","ID314",2020,93,7,"JUV"
"2406","ID314",2020,60,23,"JUV"
"2407","ID314",2020,94,7,"JUV"
"2408","ID314",2020,60,2,"JUV"
"2409","ID314",2020,89,2,"JUV"
"2410","ID315",2020,65,2,"JUV"
"2411","ID315",2020,26,4,"JUV"
"2412","ID316",2020,26,16,"JUV"
"2413","ID316",2020,89,2,"JUV"
"2414","ID316",2020,28,4,"JUV"
"2415","ID316",2020,87,2,"JUV"
"2416","ID316",2020,77,3,"JUV"
"2417","ID316",2020,30,2,"JUV"
"2418","ID316",2020,27,7,"JUV"
"2419","ID316",2020,90,6,"JUV"
"2420","ID316",2020,90,3,"JUV"
"2421","ID317",2020,26,7,"JUV"
"2422","ID317",2020,60,6,"JUV"
"2423","ID317",2020,34,1,"JUV"
"2424","ID317",2020,35,4,"JUV"
"2425","ID317",2020,37,4,"JUV"
"2426","ID317",2020,31,1,"JUV"
"2427","ID317",2020,45,1,"JUV"
"2428","ID317",2020,60,8,"JUV"
"2429","ID318",2020,90,11,"JUV"
"2430","ID318",2020,60,9,"JUV"
"2431","ID318",2020,60,36,"JUV"
"2432","ID318",2020,90,1,"JUV"
"2433","ID318",2020,25,2,"JUV"
"2434","ID318",2020,45,23,"JUV"
"2435","ID319",2020,32,14,"JUV"
"2436","ID319",2020,31,2,"JUV"
"2437","ID319",2020,32,10,"JUV"
"2438","ID319",2020,31,7,"JUV"
"2439","ID319",2020,30,2,"JUV"
"2440","ID319",2020,65,11,"JUV"
"2441","ID319",2020,63,12,"JUV"
"2442","ID319",2020,45,72,"JUV"
"2443","ID319",2020,64,29,"JUV"
"2444","ID319",2020,25,4,"JUV"
"2445","ID319",2020,65,1,"JUV"
"2446","ID319",2020,45,87,"JUV"
"2447","ID319",2020,63,19,"JUV"
"2448","ID319",2020,64,1,"JUV"
"2449","ID319",2020,35,1,"JUV"
"2450","ID320",2020,63,16,"JUV"
"2451","ID320",2020,63,14,"JUV"
"2452","ID321",2020,90,2,"JUV"
"2453","ID321",2020,87,5,"JUV"
"2454","ID321",2020,90,2,"JUV"
"2455","ID321",2020,64,1,"JUV"
"2456","ID321",2020,31,1,"JUV"
"2457","ID322",2020,34,6,"JUV"
"2458","ID322",2020,31,2,"JUV"
"2459","ID322",2020,30,12,"JUV"
"2460","ID322",2020,31,11,"JUV"
"2461","ID323",2020,37,10,"JUV"
"2462","ID323",2020,34,6,"JUV"
"2463","ID323",2020,37,4,"JUV"
"2464","ID323",2020,32,5,"JUV"
"2465","ID323",2020,45,4,"JUV"
"2466","ID325",2020,45,2,"JUV"
"2467","ID325",2020,31,2,"JUV"
"2468","ID325",2020,45,8,"JUV"
"2469","ID325",2020,29,18,"JUV"
"2470","ID325",2020,35,1,"JUV"
"2471","ID326",2020,60,59,"JUV"
"2472","ID326",2020,34,6,"JUV"
"2473","ID326",2020,94,2,"JUV"
"2474","ID326",2020,65,12,"JUV"
"2475","ID326",2020,29,2,"JUV"
"2476","ID326",2020,65,5,"JUV"
"2477","ID326",2020,60,19,"JUV"
"2478","ID326",2020,94,6,"JUV"
"2479","ID327",2020,94,2,"JUV"
"2480","ID327",2020,60,5,"JUV"
"2481","ID327",2020,60,24,"JUV"
"2482","ID327",2020,34,2,"JUV"
"2483","ID327",2020,45,12,"JUV"
"2484","ID327",2020,45,39,"JUV"
"2485","ID328",2020,34,7,"JUV"
"2486","ID329",2020,60,14,"JUV"
"2487","ID329",2020,60,50,"JUV"
"2488","ID329",2020,64,3,"JUV"
"2489","ID329",2020,31,4,"JUV"
"2490","ID329",2020,32,1,"JUV"
"2491","ID329",2020,64,7,"JUV"
"2492","ID330",2020,31,1,"JUV"
"2493","ID330",2020,77,3,"JUV"
"2494","ID330",2020,60,21,"JUV"
"2495","ID330",2020,45,3,"JUV"
"2496","ID330",2020,32,23,"JUV"
"2497","ID330",2020,30,2,"JUV"
"2498","ID331",2020,60,2,"JUV"
"2499","ID331",2020,37,4,"JUV"
"2500","ID331",2020,93,3,"JUV"
"2501","ID331",2020,31,2,"JUV"
"2502","ID331",2020,60,2,"JUV"
"2503","ID333",2020,79,1,"JUV"
"2504","ID333",2020,64,6,"JUV"
"2505","ID333",2020,65,3,"JUV"
"2506","ID334",2021,-43,4,"FAY"
"2507","ID334",2021,-41,1,"FAY"
"2508","ID334",2021,-40,11,"FAY"
"2509","ID334",2021,-38,3,"FAY"
"2510","ID334",2021,-29,1,"FAY"
"2511","ID334",2021,-22,6,"FAY"
"2512","ID334",2021,-21,1,"FAY"
"2513","ID334",2021,-13,1,"FAY"
"2514","ID334",2021,-8,1,"FAY"
"2515","ID335",2020,60,2,"JUV"
"2516","ID335",2020,90,1,"JUV"
"2517","ID335",2020,88,3,"JUV"
"2518","ID335",2020,60,9,"JUV"
"2519","ID336",2020,45,101,"JUV"
"2520","ID336",2020,60,13,"JUV"
"2521","ID336",2020,35,3,"JUV"
"2522","ID336",2020,45,28,"JUV"
"2523","ID336",2020,36,2,"JUV"
"2524","ID337",2020,45,1,"JUV"
"2525","ID339",2020,44,3,"JUV"
"2526","ID339",2020,60,16,"JUV"
"2527","ID340",2020,45,15,"JUV"
"2528","ID340",2020,63,17,"JUV"
"2529","ID341",2020,88,3,"JUV"
"2530","ID341",2020,90,8,"JUV"
"2531","ID341",2020,89,3,"JUV"
"2532","ID341",2020,91,4,"JUV"
"2533","ID341",2020,91,2,"JUV"
"2534","ID343",2020,40,3,"JUV"
"2535","ID345",2020,60,2,"JUV"
"2536","ID345",2020,79,1,"JUV"
"2537","ID345",2020,60,36,"JUV"
"2538","ID349",2020,63,35,"JUV"
"2539","ID349",2020,87,2,"JUV"
"2540","ID349",2020,60,17,"JUV"
"2541","ID349",2020,45,158,"JUV"
"2542","ID349",2020,89,3,"JUV"
"2543","ID349",2020,93,6,"JUV"
"2544","ID349",2020,64,2,"JUV"
"2545","ID349",2020,93,2,"JUV"
"2546","ID349",2020,90,12,"JUV"
"2547","ID349",2020,90,3,"JUV"
"2548","ID350",2020,65,7,"JUV"
"2549","ID350",2020,45,59,"JUV"
"2550","ID350",2020,65,12,"JUV"
"2551","ID350",2020,40,24,"JUV"
"2552","ID350",2020,60,3,"JUV"
"2553","ID352",2020,60,5,"JUV"
"2554","ID352",2020,63,3,"JUV"
"2555","ID356",2020,94,5,"JUV"
"2556","ID359",2020,65,12,"JUV"
"2557","ID359",2020,65,19,"JUV"
"2558","ID360",2020,64,3,"JUV"
"2559","ID361",2020,65,16,"JUV"
"2560","ID365",2021,-43,1,"FAY"
"2561","ID365",2021,-41,3,"FAY"
"2562","ID365",2021,-37,2,"FAY"
"2563","ID365",2021,-35,1,"FAY"
"2564","ID365",2021,-34,1,"FAY"
"2565","ID365",2021,-32,1,"FAY"
"2566","ID365",2021,-29,2,"FAY"
"2567","ID365",2021,-28,3,"FAY"
"2568","ID365",2021,-24,1,"FAY"
"2569","ID365",2021,3,1,"FAY"
"2570","ID365",2021,5,1,"FAY"
"2571","ID365",2021,6,2,"FAY"
"2572","ID365",2021,7,2,"FAY"
"2573","ID365",2021,8,1,"FAY"
"2574","ID365",2021,20,1,"FAY"
"2575","ID365",2021,22,1,"FAY"
"2576","ID365",2021,24,1,"FAY"
"2577","ID367",2021,-43,4,"FAO"
"2578","ID367",2021,-42,2,"FAO"
"2579","ID367",2021,-40,2,"FAO"
"2580","ID367",2021,-39,7,"FAO"
"2581","ID367",2021,-35,1,"FAO"
"2582","ID367",2021,-29,3,"FAO"
"2583","ID367",2021,-28,2,"FAO"
"2584","ID367",2021,-27,1,"FAO"
"2585","ID367",2021,-26,1,"FAO"
"2586","ID367",2021,-25,5,"FAO"
"2587","ID367",2021,-12,1,"FAO"
"2588","ID370",2021,-43,2,"FAO"
"2589","ID370",2021,-42,2,"FAO"
"2590","ID370",2021,-41,1,"FAO"
"2591","ID370",2021,-40,8,"FAO"
"2592","ID370",2021,-39,1,"FAO"
"2593","ID374",2021,-39,1,"FAO"
"2594","ID374",2021,-25,1,"FAO"
"2595","ID375",2020,94,4,"JUV"
"2596","ID375",2020,90,1,"JUV"
"2597","ID375",2020,93,3,"JUV"
"2598","ID375",2020,91,2,"JUV"
"2599","ID375",2020,91,6,"JUV"
"2600","ID378",2020,91,9,"JUV"
"2601","ID378",2020,87,5,"JUV"
"2602","ID378",2020,94,1,"JUV"
"2603","ID378",2020,90,3,"JUV"
